DATE,EQUITY,DRAWDOWN,
1/1/20,100000,0.00%,
1/2/20,101966.2631,0.00%,
1/3/20,104420.9426,0.00%,
1/6/20,107976.8523,0.00%,
1/7/20,105687.6665,2.12%,
1/8/20,101202.9009,4.24%,
1/9/20,103001.8952,0.00%,
1/10/20,103452.2058,0.00%,
1/13/20,105006.8299,0.00%,
1/14/20,102529.2754,2.36%,
1/15/20,107545.449,0.00%,
1/16/20,104606.3934,2.73%,
1/17/20,101616.3853,2.86%,
1/20/20,103960.5954,0.00%,
1/21/20,101825.3459,2.05%,
1/22/20,98140.41391,3.62%,
1/23/20,94693.43425,3.51%,
1/24/20,97918.81507,0.00%,
1/27/20,98489.55832,0.00%,
1/28/20,95947.58719,2.58%,
1/29/20,96819.70598,0.00%,
1/30/20,93574.814,3.35%,
1/31/20,97848.02621,0.00%,
2/3/20,99390.62062,0.00%,
2/4/20,104426.2427,0.00%,
2/5/20,104199.516,0.22%,
2/6/20,100292.1364,3.75%,
2/7/20,105257.7303,0.00%,
2/10/20,104474.2383,0.74%,
2/11/20,105308.3452,0.00%,
2/12/20,105579.9912,0.00%,
2/13/20,108776.8402,0.00%,
2/14/20,113633.7724,0.00%,
2/17/20,113218.2858,0.37%,
2/18/20,108471.3549,4.19%,
2/19/20,105207.2667,3.01%,
2/20/20,106642.3164,0.00%,
2/21/20,107019.0749,0.00%,
2/24/20,107914.1648,0.00%,
2/25/20,106691.9112,1.13%,
2/26/20,107846.0382,0.00%,
2/27/20,104343.0667,3.25%,
2/28/20,108545.0575,0.00%,
3/2/20,103751.1951,4.42%,
3/3/20,104021.3959,0.00%,
3/4/20,100124.4663,3.75%,
3/5/20,95576.40322,4.54%,
3/6/20,91654.40681,4.10%,
3/9/20,88553.36479,3.38%,
3/10/20,89459.53742,0.00%,
3/11/20,86092.33753,3.76%,
3/12/20,82816.95428,3.80%,
3/13/20,87387.86666,0.00%,
3/16/20,84555.7051,3.24%,
3/17/20,86411.79436,0.00%,
3/18/20,88793.83915,0.00%,
3/19/20,93811.04336,0.00%,
3/20/20,90732.14259,3.28%,
3/23/20,89432.39811,1.43%,
3/24/20,92129.21201,0.00%,
3/25/20,97089.01451,0.00%,
3/26/20,98928.27819,0.00%,
3/27/20,101646.2068,0.00%,
3/30/20,100050.5657,1.57%,
3/31/20,101721.8524,0.00%,
4/1/20,100223.4641,1.47%,
4/2/20,95379.34346,4.83%,
4/3/20,98601.77773,0.00%,
4/6/20,98186.78749,0.42%,
4/7/20,97390.65839,0.81%,
4/8/20,94545.81251,2.92%,
4/9/20,92902.92978,1.74%,
4/10/20,97034.10161,0.00%,
4/13/20,100395.6497,0.00%,
4/14/20,97782.92236,2.60%,
4/15/20,97635.58129,0.15%,
4/16/20,93221.96598,4.52%,
4/17/20,95083.24409,0.00%,
4/20/20,99555.75617,0.00%,
4/21/20,99983.06677,0.00%,
4/22/20,96498.36729,3.49%,
4/23/20,96987.11005,0.00%,
4/24/20,101576.8203,0.00%,
4/27/20,96836.36588,4.67%,
4/28/20,99546.75778,0.00%,
4/29/20,100475.1284,0.00%,
4/30/20,98426.85397,2.04%,
5/1/20,101094.4591,0.00%,
5/4/20,100584.9023,0.50%,
5/5/20,95913.80525,4.64%,
5/6/20,97335.97334,0.00%,
5/7/20,101615.0368,0.00%,
5/8/20,97350.78963,4.20%,
5/11/20,96403.7711,0.97%,
5/12/20,91939.79102,4.63%,
5/13/20,92011.31461,0.00%,
5/14/20,91432.037,0.63%,
5/15/20,92890.60436,0.00%,
5/18/20,91486.72604,1.51%,
5/19/20,93430.96774,0.00%,
5/20/20,95745.67972,0.00%,
5/21/20,98920.16846,0.00%,
5/22/20,101764.2505,0.00%,
5/25/20,104501.009,0.00%,
5/26/20,104211.0202,0.28%,
5/27/20,100769.5405,3.30%,
5/28/20,104385.6424,0.00%,
5/29/20,103204.3467,1.13%,
6/1/20,100551.3671,2.57%,
6/2/20,102613.8058,0.00%,
6/3/20,103779.9963,0.00%,
6/4/20,99801.91323,3.83%,
6/5/20,100994.7999,0.00%,
6/8/20,97032.23298,3.92%,
6/9/20,99559.69259,0.00%,
6/10/20,102085.3025,0.00%,
6/11/20,102239.9469,0.00%,
6/12/20,101087.0744,1.13%,
6/15/20,100816.4081,0.27%,
6/16/20,104568.5596,0.00%,
6/17/20,103702.6344,0.83%,
6/18/20,101641.642,1.99%,
6/19/20,99013.94741,2.59%,
6/22/20,97200.95639,1.83%,
6/23/20,95222.77029,2.04%,
6/24/20,97319.41746,0.00%,
6/25/20,95765.42008,1.60%,
6/26/20,99243.67594,0.00%,
6/29/20,99332.18164,0.00%,
6/30/20,100612.4902,0.00%,
7/1/20,97175.96077,3.42%,
7/2/20,98990.49975,0.00%,
7/3/20,100291.5027,0.00%,
7/6/20,103243.0172,0.00%,
7/7/20,100791.0907,2.37%,
7/8/20,100898.0962,0.00%,
7/9/20,104577.9589,0.00%,
7/10/20,105821.7986,0.00%,
7/13/20,110559.621,0.00%,
7/14/20,112425.0298,0.00%,
7/15/20,114057.1344,0.00%,
7/16/20,114639.7993,0.00%,
7/17/20,111510.0619,2.73%,
7/20/20,108047.9719,3.10%,
7/21/20,111688.5963,0.00%,
7/22/20,109900.5946,1.60%,
7/23/20,105529.3519,3.98%,
7/24/20,101603.784,3.72%,
7/27/20,98833.41267,2.73%,
7/28/20,98298.75114,0.54%,
7/29/20,96510.75906,1.82%,
7/30/20,95329.07415,1.22%,
7/31/20,92118.30898,3.37%,
8/3/20,90097.21488,2.19%,
8/4/20,92915.25477,0.00%,
8/5/20,93578.71714,0.00%,
8/6/20,94758.82807,0.00%,
8/7/20,99480.75211,0.00%,
8/10/20,101959.7486,0.00%,
8/11/20,98120.81818,3.77%,
8/12/20,102625.5661,0.00%,
8/13/20,101532.5452,1.07%,
8/14/20,97337.23517,4.13%,
8/17/20,94453.33043,2.96%,
8/18/20,91616.46155,3.00%,
8/19/20,87466.41497,4.53%,
8/20/20,88996.09432,0.00%,
8/21/20,91196.7896,0.00%,
8/24/20,93025.06289,0.00%,
8/25/20,89079.25125,4.24%,
8/26/20,85292.87107,4.25%,
8/27/20,86447.44519,0.00%,
8/28/20,90798.85788,0.00%,
8/31/20,92997.42629,0.00%,
9/1/20,97417.75704,0.00%,
9/2/20,95088.92888,2.39%,
9/3/20,95389.55687,0.00%,
9/4/20,91699.90646,3.87%,
9/7/20,93932.10005,0.00%,
9/8/20,97581.82972,0.00%,
9/9/20,98941.03502,0.00%,
9/10/20,103546.9631,0.00%,
9/11/20,102459.3945,1.05%,
9/14/20,104837.8606,0.00%,
9/15/20,105568.8095,0.00%,
9/16/20,102101.8542,3.28%,
9/17/20,104335.369,0.00%,
9/18/20,102037.5859,2.20%,
9/21/20,105300.786,0.00%,
9/22/20,103460.2408,1.75%,
9/23/20,108006.9784,0.00%,
9/24/20,107140.739,0.80%,
9/25/20,103037.6321,3.83%,
9/28/20,102043.1652,0.97%,
9/29/20,99510.23993,2.48%,
9/30/20,100980.007,0.00%,
10/1/20,96202.43206,4.73%,
10/2/20,92311.18127,4.04%,
10/5/20,94133.23199,0.00%,
10/6/20,91904.52176,2.37%,
10/7/20,96098.96228,0.00%,
10/8/20,98820.40822,0.00%,
10/9/20,100712.6877,0.00%,
10/12/20,105166.5876,0.00%,
10/13/20,101221.4426,3.75%,
10/14/20,104285.9555,0.00%,
10/15/20,105372.1841,0.00%,
10/16/20,101540.0591,3.64%,
10/19/20,97604.35651,3.88%,
10/20/20,102368.938,0.00%,
10/21/20,103118.594,0.00%,
10/22/20,102162.4844,0.93%,
10/23/20,97515.36565,4.55%,
10/26/20,93545.14209,4.07%,
10/27/20,95442.42545,0.00%,
10/28/20,91107.35101,4.54%,
10/29/20,95937.70129,0.00%,
10/30/20,96994.26446,0.00%,
11/2/20,100082.6433,0.00%,
11/3/20,102464.0341,0.00%,
11/4/20,102168.0924,0.29%,
11/5/20,105453.2872,0.00%,
11/6/20,105949.3669,0.00%,
11/9/20,110636.5605,0.00%,
11/10/20,113849.9343,0.00%,
11/11/20,118391.2614,0.00%,
11/12/20,121462.8474,0.00%,
11/13/20,117965.151,2.88%,
11/16/20,121556.8925,0.00%,
11/17/20,117344.0511,3.47%,
11/18/20,114151.1627,2.72%,
11/19/20,114474.1117,0.00%,
11/20/20,114289.3154,0.16%,
11/23/20,115970.6132,0.00%,
11/24/20,117323.133,0.00%,
11/25/20,112951.813,3.73%,
11/26/20,109294.0427,3.24%,
11/27/20,113828.3777,0.00%,
11/30/20,115647.2315,0.00%,
12/1/20,118974.4942,0.00%,
12/2/20,115266.8978,3.12%,
12/3/20,120327.3022,0.00%,
12/4/20,123265.2462,0.00%,
12/7/20,121728.6929,1.25%,
12/8/20,118969.8123,2.27%,
12/9/20,122754.7766,0.00%,
12/10/20,120948.882,1.47%,
12/11/20,125640.1459,0.00%,
12/14/20,121229.7137,3.51%,
12/15/20,121109.5187,0.10%,
12/16/20,121385.4546,0.00%,
12/17/20,123356.9952,0.00%,
12/18/20,125962.6743,0.00%,
12/21/20,127919.3865,0.00%,
12/22/20,130107.2918,0.00%,
12/23/20,133650.9242,0.00%,
12/24/20,137566.8773,0.00%,
12/25/20,139905.1246,0.00%,
12/28/20,141931.4757,0.00%,
12/29/20,145434.6641,0.00%,
12/30/20,148016.7629,0.00%,
12/31/20,151651.6488,0.00%,
1/1/21,155674.2107,0.00%,
1/4/21,150839.357,3.11%,
1/5/21,152719.0377,0.00%,
1/6/21,152938.4883,0.00%,
1/7/21,154705.6376,0.00%,
1/8/21,155498.3196,0.00%,
1/11/21,151116.856,2.82%,
1/12/21,149456.2061,1.10%,
1/13/21,153866.2202,0.00%,
1/14/21,151653.9249,1.44%,
1/15/21,149018.1955,1.74%,
1/18/21,146445.2201,1.73%,
1/19/21,142063.4088,2.99%,
1/20/21,139382.3969,1.89%,
1/21/21,144121.787,0.00%,
1/22/21,144603.5299,0.00%,
1/25/21,146528.7897,0.00%,
1/26/21,145581.2078,0.65%,
1/27/21,141668.0628,2.69%,
1/28/21,137400.8576,3.01%,
1/29/21,133021.3549,3.19%,
2/1/21,136000.3091,0.00%,
2/2/21,134367.445,1.20%,
2/3/21,137011.5282,0.00%,
2/4/21,132685.6411,3.16%,
2/5/21,128531.1173,3.13%,
2/8/21,130723.5924,0.00%,
2/9/21,130627.6532,0.07%,
2/10/21,126256.1907,3.35%,
2/11/21,125283.1328,0.77%,
2/12/21,123427.5727,1.48%,
2/15/21,122892.9814,0.43%,
2/16/21,125244.017,0.00%,
2/17/21,124369.6595,0.70%,
2/18/21,124999.7931,0.00%,
2/19/21,121519.8474,2.78%,
2/22/21,122086.517,0.00%,
2/23/21,120824.7739,1.03%,
2/24/21,125649.135,0.00%,
2/25/21,128000.1745,0.00%,
2/26/21,127708.2516,0.23%,
3/1/21,124868.1166,2.22%,
3/2/21,120780.1458,3.27%,
3/3/21,120418.3858,0.30%,
3/4/21,119276.7766,0.95%,
3/5/21,124044.7508,0.00%,
3/8/21,120955.6574,2.49%,
3/9/21,124647.9262,0.00%,
3/10/21,126383.9684,0.00%,
3/11/21,129026.1316,0.00%,
3/12/21,132716.9451,0.00%,
3/15/21,137324.4333,0.00%,
3/16/21,140172.253,0.00%,
3/17/21,137719.9867,1.75%,
3/18/21,138138.4841,0.00%,
3/19/21,135430.4085,1.96%,
3/22/21,134701.7367,0.54%,
3/23/21,139439.7037,0.00%,
3/24/21,142836.8663,0.00%,
3/25/21,144256.4669,0.00%,
3/26/21,142352.1951,1.32%,
3/29/21,146476.3558,0.00%,
3/30/21,141815.7559,3.18%,
3/31/21,143900.4412,0.00%,
4/1/21,145168.0389,0.00%,
4/2/21,143088.2237,1.43%,
4/5/21,145127.6155,0.00%,
4/6/21,145503.1288,0.00%,
4/7/21,149897.1278,0.00%,
4/8/21,151129.9424,0.00%,
4/9/21,150801.5522,0.22%,
4/12/21,155064.2907,0.00%,
4/13/21,157191.0412,0.00%,
4/14/21,160790.8429,0.00%,
4/15/21,165889.3768,0.00%,
4/16/21,167856.6613,0.00%,
4/19/21,164886.5611,1.77%,
4/20/21,167373.7544,0.00%,
4/21/21,171001.431,0.00%,
4/22/21,173766.2387,0.00%,
4/23/21,173885.3498,0.00%,
4/26/21,171476.9877,1.39%,
4/27/21,175846.6673,0.00%,
4/28/21,179922.5931,0.00%,
4/29/21,178005.1665,1.07%,
4/30/21,177276.5824,0.41%,
5/3/21,174081.4657,1.80%,
5/4/21,178149.2856,0.00%,
5/5/21,174838.7095,1.86%,
5/6/21,173232.3445,0.92%,
5/7/21,174907.3215,0.00%,
5/10/21,175099.0145,0.00%,
5/11/21,175084.2295,0.01%,
5/12/21,179754.5369,0.00%,
5/13/21,182626.1826,0.00%,
5/14/21,187109.1903,0.00%,
5/17/21,187733.8991,0.00%,
5/18/21,189595.4932,0.00%,
5/19/21,189066.643,0.28%,
5/20/21,184837.6506,2.24%,
5/21/21,188589.2102,0.00%,
5/24/21,192920.9422,0.00%,
5/25/21,194262.3082,0.00%,
5/26/21,193293.5958,0.50%,
5/27/21,190790.1877,1.30%,
5/28/21,189614.631,0.62%,
5/31/21,187954.6477,0.88%,
6/1/21,192571.9914,0.00%,
6/2/21,195681.029,0.00%,
6/3/21,191893.8893,1.94%,
6/4/21,189876.1791,1.05%,
6/7/21,193109.8007,0.00%,
6/8/21,195862.5541,0.00%,
6/9/21,199856.7674,0.00%,
6/10/21,199544.7847,0.16%,
6/11/21,198244.1909,0.65%,
6/14/21,202237.1992,0.00%,
6/15/21,201180.1453,0.52%,
6/16/21,198894.9023,1.14%,
6/17/21,199112.2403,0.00%,
6/18/21,203829.9039,0.00%,
6/21/21,203968.8034,0.00%,
6/22/21,207102.7677,0.00%,
6/23/21,207854.6244,0.00%,
6/24/21,211333.4087,0.00%,
6/25/21,211332.9199,0.00%,
6/28/21,209746.6202,0.75%,
6/29/21,212681.0996,0.00%,
6/30/21,207865.0551,2.26%,
7/1/21,208768.4674,0.00%,
7/2/21,208520.5936,0.12%,
7/5/21,207580.8028,0.45%,
7/6/21,211273.6151,0.00%,
7/7/21,213402.2899,0.00%,
7/8/21,210292.9966,1.46%,
7/9/21,207163.9514,1.49%,
7/12/21,207991.7099,0.00%,
7/13/21,206191.5495,0.87%,
7/14/21,203443.951,1.33%,
7/15/21,205427.0115,0.00%,
7/16/21,205937.1919,0.00%,
7/19/21,201327.8564,2.24%,
7/20/21,197934.8832,1.69%,
7/21/21,198164.0884,0.00%,
7/22/21,202736.9977,0.00%,
7/23/21,200700.4751,1.00%,
7/26/21,199504.5163,0.60%,
7/27/21,199613.8597,0.00%,
7/28/21,196623.3117,1.50%,
7/29/21,197959.4886,0.00%,
7/30/21,198282.5619,0.00%,
8/2/21,200504.5017,0.00%,
8/3/21,198079.1356,1.21%,
8/4/21,202889.5305,0.00%,
8/5/21,204695.4096,0.00%,
8/6/21,200731.645,1.94%,
8/9/21,201764.0665,0.00%,
8/10/21,198517.6068,1.61%,
8/11/21,201881.7786,0.00%,
8/12/21,197443.9311,2.20%,
8/13/21,196816.8078,0.32%,
8/16/21,199403.0949,0.00%,
8/17/21,195891.5506,1.76%,
8/18/21,192465.6029,1.75%,
8/19/21,191464.834,0.52%,
8/20/21,187657.5815,1.99%,
8/23/21,189770.5783,0.00%,
8/24/21,187014.0946,1.45%,
8/25/21,191002.5888,0.00%,
8/26/21,190128.6589,0.46%,
8/27/21,192739.008,0.00%,
8/30/21,190437.218,1.19%,
8/31/21,193184.5198,0.00%,
9/1/21,194011.7462,0.00%,
9/2/21,190923.4238,1.59%,
9/3/21,186768.5885,2.18%,
9/6/21,190533.9448,0.00%,
9/7/21,189251.5845,0.67%,
9/8/21,191803.6594,0.00%,
9/9/21,194060.9886,0.00%,
9/10/21,197495.8392,0.00%,
9/13/21,202460.2285,0.00%,
9/14/21,205634.6604,0.00%,
9/15/21,203006.1201,1.28%,
9/16/21,203968.1399,0.00%,
9/17/21,205938.3992,0.00%,
9/20/21,206308.4829,0.00%,
9/21/21,208068.9551,0.00%,
9/22/21,204084.2081,1.92%,
9/23/21,208119.4344,0.00%,
9/24/21,203425.5761,2.26%,
9/27/21,201465.1884,0.96%,
9/28/21,199478.3236,0.99%,
9/29/21,195177.796,2.16%,
9/30/21,198358.1808,0.00%,
10/1/21,201802.7343,0.00%,
10/4/21,203180.1651,0.00%,
10/5/21,207945.8499,0.00%,
10/6/21,207968.3246,0.00%,
10/7/21,210855.1908,0.00%,
10/8/21,214336.9401,0.00%,
10/11/21,217592.7992,0.00%,
10/12/21,216366.6184,0.56%,
10/13/21,214196.2897,1.00%,
10/14/21,218583.7146,0.00%,
10/15/21,214837.2491,1.71%,
10/18/21,215940.1208,0.00%,
10/19/21,218476.4967,0.00%,
10/20/21,223439.2195,0.00%,
10/21/21,225200.7046,0.00%,
10/22/21,229012.3689,0.00%,
10/25/21,228308.7483,0.31%,
10/26/21,227744.334,0.25%,
10/27/21,227510.8726,0.10%,
10/28/21,227519.9028,0.00%,
10/29/21,225054.5159,1.08%,
11/1/21,223266.6081,0.79%,
11/2/21,226965.1114,0.00%,
11/3/21,224684.7692,1.00%,
11/4/21,225477.541,0.00%,
11/5/21,225689.0807,0.00%,
11/8/21,229271.3279,0.00%,
11/9/21,233253.7041,0.00%,
11/10/21,231154.4924,0.90%,
11/11/21,230795.754,0.16%,
11/12/21,232552.878,0.00%,
11/15/21,229390.4862,1.36%,
11/16/21,225208.9392,1.82%,
11/17/21,227256.0551,0.00%,
11/18/21,225001.5291,0.99%,
11/19/21,224917.9125,0.04%,
11/22/21,226951.0545,0.00%,
11/23/21,223017.7662,1.73%,
11/24/21,220664.21,1.06%,
11/25/21,216223.9255,2.01%,
11/26/21,213023.9986,1.48%,
11/29/21,209437.1599,1.68%,
11/30/21,210228.0547,0.00%,
12/1/21,206343.7057,1.85%,
12/2/21,207816.6762,0.00%,
12/3/21,210160.2435,0.00%,
12/6/21,208528.9323,0.78%,
12/7/21,204553.8449,1.91%,
12/8/21,206485.2406,0.00%,
12/9/21,205074.2321,0.68%,
12/10/21,204864.5658,0.10%,
12/13/21,208237.0978,0.00%,
12/14/21,210573.6208,0.00%,
12/15/21,212058.1438,0.00%,
12/16/21,211851.1945,0.10%,
12/17/21,208073.4462,1.78%,
12/20/21,206992.5727,0.52%,
12/21/21,208895.9078,0.00%,
12/22/21,205652.8365,1.55%,
12/23/21,206481.1511,0.00%,
12/24/21,205003.8554,0.72%,
12/27/21,205671.9453,0.00%,
12/28/21,202682.94,1.45%,
12/29/21,203519.9628,0.00%,
12/30/21,206553.5805,0.00%,
12/31/21,207463.9506,0.00%,
1/3/22,210538.2936,0.00%,
1/4/22,207939.0217,1.23%,
1/5/22,210122.5791,0.00%,
1/6/22,211364.136,0.00%,
1/7/22,207371.6679,1.89%,
1/10/22,211574.911,0.00%,
1/11/22,213401.4079,0.00%,
1/12/22,212398.2431,0.47%,
1/13/22,209745.937,1.25%,
1/14/22,205308.7984,2.12%,
1/17/22,203001.1397,1.12%,
1/18/22,198592.4618,2.17%,
1/19/22,197840.3134,0.38%,
1/20/22,196399.8844,0.73%,
1/21/22,200831.526,0.00%,
1/24/22,202939.1781,0.00%,
1/25/22,201654.3766,0.63%,
1/26/22,203831.8497,0.00%,
1/27/22,202611.4891,0.60%,
1/28/22,198726.6601,1.92%,
1/31/22,201009.4131,0.00%,
2/1/22,203835.1434,0.00%,
2/2/22,201030.2858,1.38%,
2/3/22,204747.9366,0.00%,
2/4/22,205249.6548,0.00%,
2/7/22,206233.6495,0.00%,
2/8/22,208785.7985,0.00%,
2/9/22,210351.2603,0.00%,
2/10/22,208794.5286,0.74%,
2/11/22,211786.6323,0.00%,
2/14/22,211126.0432,0.31%,
2/15/22,208951.851,1.03%,
2/16/22,204884.3799,1.95%,
2/17/22,202679.726,1.08%,
2/18/22,198100.8871,2.26%,
2/21/22,202068.6978,0.00%,
2/22/22,206697.2122,0.00%,
2/23/22,202546.5685,2.01%,
2/24/22,198344.497,2.07%,
2/25/22,196479.5941,0.94%,
2/28/22,201315.3374,0.00%,
3/1/22,197993.6206,1.65%,
3/2/22,194817.1372,1.60%,
3/3/22,197462.3141,0.00%,
3/4/22,197630.4086,0.00%,
3/7/22,200059.4687,0.00%,
3/8/22,199744.2271,0.16%,
3/9/22,204569.7654,0.00%,
3/10/22,203185.6647,0.68%,
3/11/22,200727.5101,1.21%,
3/14/22,202348.562,0.00%,
3/15/22,205879.9389,0.00%,
3/16/22,202922.0878,1.44%,
3/17/22,203808.9312,0.00%,
3/18/22,201345.9732,1.21%,
3/21/22,204526.4676,0.00%,
3/22/22,207225.7986,0.00%,
3/23/22,206325.956,0.43%,
3/24/22,203470.281,1.38%,
3/25/22,201643.7032,0.90%,
3/28/22,201617.1414,0.01%,
3/29/22,198803.9918,1.40%,
3/30/22,197798.4506,0.51%,
3/31/22,195744.4461,1.04%,
4/1/22,194324.6821,0.73%,
4/4/22,195438.4699,0.00%,
4/5/22,190721.4708,2.41%,
4/6/22,186692.1118,2.11%,
4/7/22,187757.4901,0.00%,
4/8/22,189384.4762,0.00%,
4/11/22,193110.285,0.00%,
4/12/22,194795.7829,0.00%,
4/13/22,196299.5372,0.00%,
4/14/22,191991.376,2.19%,
4/15/22,191884.1763,0.06%,
4/18/22,188049.4406,2.00%,
4/19/22,188174.0977,0.00%,
4/20/22,186331.4455,0.98%,
4/21/22,188716.413,0.00%,
4/22/22,192065.0877,0.00%,
4/25/22,194468.8075,0.00%,
4/26/22,192714.2418,0.90%,
4/27/22,194471.841,0.00%,
4/28/22,189691.5444,2.46%,
4/29/22,184986.8653,2.48%,
5/2/22,189377.1704,0.00%,
5/3/22,192888.8838,0.00%,
5/4/22,190308.2208,1.34%,
5/5/22,186781.4439,1.85%,
5/6/22,186969.3416,0.00%,
5/9/22,187824.0557,0.00%,
5/10/22,191524.759,0.00%,
5/11/22,195104.5219,0.00%,
5/12/22,195277.6125,0.00%,
5/13/22,193014.6743,1.16%,
5/16/22,195646.0071,0.00%,
5/17/22,192498.99,1.61%,
5/18/22,190315.5137,1.13%,
5/19/22,193276.464,0.00%,
5/20/22,190828.6632,1.27%,
5/23/22,192676.3595,0.00%,
5/24/22,196556.8654,0.00%,
5/25/22,198365.1477,0.00%,
5/26/22,202659.8653,0.00%,
5/27/22,206872.2152,0.00%,
5/30/22,208205.509,0.00%,
5/31/22,208471.6198,0.00%,
6/1/22,205183.086,1.58%,
6/2/22,202509.3633,1.30%,
6/3/22,207583.0037,0.00%,
6/6/22,202737.4083,2.33%,
6/7/22,205380.4604,0.00%,
6/8/22,205358.1822,0.01%,
6/9/22,201667.5688,1.80%,
6/10/22,198760.3104,1.44%,
6/13/22,201667.7073,0.00%,
6/14/22,201405.5683,0.13%,
6/15/22,197146.3549,2.11%,
6/16/22,199380.2469,0.00%,
6/17/22,203543.6711,0.00%,
6/20/22,199893.8801,1.79%,
6/21/22,195303.852,2.30%,
6/22/22,197717.8901,0.00%,
6/23/22,201907.6443,0.00%,
6/24/22,204520.1548,0.00%,
6/27/22,207312.4902,0.00%,
6/28/22,209659.6525,0.00%,
6/29/22,207975.2137,0.80%,
6/30/22,211846.7376,0.00%,
7/1/22,208644.5796,1.51%,
7/4/22,212201.403,0.00%,
7/5/22,215297.8099,0.00%,
7/6/22,215472.0463,0.00%,
7/7/22,211198.6799,1.98%,
7/8/22,208843.7886,1.12%,
7/11/22,207501.587,0.64%,
7/12/22,210940.4299,0.00%,
7/13/22,209546.9314,0.66%,
7/14/22,205525.4673,1.92%,
7/15/22,203627.3981,0.92%,
7/18/22,207443.6284,0.00%,
7/19/22,208632.5376,0.00%,
7/20/22,210650.4634,0.00%,
7/21/22,211402.9735,0.00%,
7/22/22,211040.218,0.17%,
7/25/22,211918.6751,0.00%,
7/26/22,216345.2607,0.00%,
7/27/22,213299.1489,1.41%,
7/28/22,210430.5018,1.34%,
7/29/22,206937.5379,1.66%,
8/1/22,206973.5405,0.00%,
8/2/22,210790.2358,0.00%,
8/3/22,209876.3091,0.43%,
8/4/22,214487.7685,0.00%,
8/5/22,217106.6808,0.00%,
8/8/22,219734.6199,0.00%,
8/9/22,216430.4423,1.50%,
8/10/22,213419.5767,1.39%,
8/11/22,218218.1343,0.00%,
8/12/22,216479.4315,0.80%,
8/15/22,216913.338,0.00%,
8/16/22,212924.1521,1.84%,
8/17/22,209262.7988,1.72%,
8/18/22,211935.1696,0.00%,
8/19/22,213750.7742,0.00%,
8/22/22,209728.7458,1.88%,
8/23/22,213789.8327,0.00%,
8/24/22,214641.2448,0.00%,
8/25/22,216024.9111,0.00%,
8/26/22,218134.7624,0.00%,
8/29/22,215187.1571,1.35%,
8/30/22,218977.7711,0.00%,
8/31/22,216847.6936,0.97%,
9/1/22,212008.4251,2.23%,
9/2/22,213858.0279,0.00%,
9/5/22,218574.8531,0.00%,
9/6/22,217004.9516,0.72%,
9/7/22,212937.5173,1.87%,
9/8/22,216173.2313,0.00%,
9/9/22,219441.4644,0.00%,
9/12/22,218649.5232,0.36%,
9/13/22,214547.0919,1.88%,
9/14/22,218174.0567,0.00%,
9/15/22,215234.019,1.35%,
9/16/22,214630.3629,0.28%,
9/19/22,213542.383,0.51%,
9/20/22,218507.9674,0.00%,
9/21/22,216903.789,0.73%,
9/22/22,221429.0893,0.00%,
9/23/22,218853.2851,1.16%,
9/26/22,218264.8321,0.27%,
9/27/22,217611.0063,0.30%,
9/28/22,216451.7929,0.53%,
9/29/22,220666.7839,0.00%,
9/30/22,223181.2475,0.00%,
10/3/22,222098.8453,0.48%,
10/4/22,226978.4705,0.00%,
10/5/22,227501.6649,0.00%,
10/6/22,222701.1708,2.11%,
10/7/22,221863.4039,0.38%,
10/10/22,226363.8602,0.00%,
10/11/22,221792.9203,2.02%,
10/12/22,220793.321,0.45%,
10/13/22,217580.3091,1.46%,
10/14/22,221114.8913,0.00%,
10/17/22,224465.8391,0.00%,
10/18/22,223507.6618,0.43%,
10/19/22,226313.5368,0.00%,
10/20/22,227634.3241,0.00%,
10/21/22,224207.7547,1.51%,
10/24/22,221738.9442,1.10%,
10/25/22,220611.5307,0.51%,
10/26/22,218418.4233,0.99%,
10/27/22,213927.9379,2.06%,
10/28/22,215277.0385,0.00%,
10/31/22,211674.0152,1.67%,
11/1/22,210224.3578,0.68%,
11/2/22,210924.1083,0.00%,
11/3/22,215184.6988,0.00%,
11/4/22,213986.2104,0.56%,
11/7/22,215314.1445,0.00%,
11/8/22,219838.8778,0.00%,
11/9/22,217064.8105,1.26%,
11/10/22,218352.4254,0.00%,
11/11/22,213631.3504,2.16%,
11/14/22,209223.3033,2.06%,
11/15/22,209908.3795,0.00%,
11/16/22,211529.4834,0.00%,
11/17/22,216418.719,0.00%,
11/18/22,212039.4671,2.02%,
11/21/22,215104.9498,0.00%,
11/22/22,212962.1994,1.00%,
11/23/22,210627.6993,1.10%,
11/24/22,211233.5633,0.00%,
11/25/22,209868.8487,0.65%,
11/28/22,206790.5017,1.47%,
11/29/22,204343.899,1.18%,
11/30/22,207734.4305,0.00%,
12/1/22,212420.5452,0.00%,
12/2/22,216376.7671,0.00%,
12/5/22,221146.3567,0.00%,
12/6/22,225576.2799,0.00%,
12/7/22,227498.2024,0.00%,
12/8/22,231765.4137,0.00%,
12/9/22,233989.7644,0.00%,
12/12/22,230073.1583,1.67%,
12/13/22,228548.8437,0.66%,
12/14/22,230131.3843,0.00%,
12/15/22,231759.3218,0.00%,
12/16/22,234217.4776,0.00%,
12/19/22,232904.2324,0.56%,
12/20/22,232480.949,0.18%,
12/21/22,236260.8714,0.00%,
12/22/22,235543.4244,0.30%,
12/23/22,239041.7405,0.00%,
12/26/22,234702.3617,1.82%,
12/27/22,232034.8617,1.14%,
12/28/22,236462.2634,0.00%,
12/29/22,233041.3459,1.45%,
12/30/22,234339.7536,0.00%,
1/2/23,237009.9515,0.00%,
1/3/23,235637.0214,0.58%,
1/4/23,239193.432,0.00%,
1/5/23,239254.1684,0.00%,
1/6/23,237377.782,0.78%,
1/9/23,238307.4241,0.00%,
1/10/23,234912.1231,1.42%,
1/11/23,237042.6983,0.00%,
1/12/23,236720.3496,0.14%,
1/13/23,233785.3351,1.24%,
1/16/23,233340.9748,0.19%,
1/17/23,233471.1554,0.00%,
1/18/23,229631.3294,1.64%,
1/19/23,226374.1457,1.42%,
1/20/23,222101.8631,1.89%,
1/23/23,218197.1235,1.76%,
1/24/23,221141.0416,0.00%,
1/25/23,217195.9337,1.78%,
1/26/23,220614.7644,0.00%,
1/27/23,217467.641,1.43%,
1/30/23,218397.8997,0.00%,
1/31/23,217376.8528,0.47%,
2/1/23,217684.9996,0.00%,
2/2/23,214985.8005,1.24%,
2/3/23,211533.1181,1.61%,
2/6/23,214792.4929,0.00%,
2/7/23,211399.1558,1.58%,
2/8/23,209023.5208,1.12%,
2/9/23,212831.7896,0.00%,
2/10/23,209081.4546,1.76%,
2/13/23,205859.8041,1.54%,
2/14/23,202971.0557,1.40%,
2/15/23,198974.523,1.97%,
2/16/23,194311.4554,2.34%,
2/17/23,193621.5534,0.36%,
2/20/23,196574.9934,0.00%,
2/21/23,197384.6632,0.00%,
2/22/23,194472.5423,1.48%,
2/23/23,191338.1994,1.61%,
2/24/23,193009.0076,0.00%,
2/27/23,194965.7924,0.00%,
2/28/23,199196.0212,0.00%,
3/1/23,201030.3934,0.00%,
3/2/23,197941.396,1.54%,
3/3/23,197408.2839,0.27%,
3/6/23,194422.6247,1.51%,
3/7/23,189862.1572,2.35%,
3/8/23,193298.7109,0.00%,
3/9/23,195507.7968,0.00%,
3/10/23,194449.9568,0.54%,
3/13/23,193597.9649,0.44%,
3/14/23,189747.2818,1.99%,
3/15/23,192296.0988,0.00%,
3/16/23,196136.2567,0.00%,
3/17/23,198616.9537,0.00%,
3/20/23,201702.2805,0.00%,
3/21/23,203420.0714,0.00%,
3/22/23,206152.95,0.00%,
3/23/23,206789.432,0.00%,
3/24/23,211367.149,0.00%,
3/27/23,215652.0011,0.00%,
3/28/23,219717.9103,0.00%,
3/29/23,220437.6719,0.00%,
3/30/23,219327.4525,0.50%,
3/31/23,221937.4473,0.00%,
4/3/23,223969.0291,0.00%,
4/4/23,220090.6762,1.73%,
4/5/23,221266.7594,0.00%,
4/6/23,217442.9326,1.73%,
4/7/23,220503.6356,0.00%,
4/10/23,221495.5871,0.00%,
4/11/23,224316.2582,0.00%,
4/12/23,227572.608,0.00%,
4/13/23,222746.6752,2.12%,
4/14/23,219229.5763,1.58%,
4/17/23,217374.4657,0.85%,
4/18/23,221708.8142,0.00%,
4/19/23,220529.0181,0.53%,
4/20/23,222128.5806,0.00%,
4/21/23,219131.2657,1.35%,
4/24/23,222202.6522,0.00%,
4/25/23,223593.1357,0.00%,
4/26/23,225095.4445,0.00%,
4/27/23,226509.2787,0.00%,
4/28/23,222629.4001,1.71%,
5/1/23,221975.3768,0.29%,
5/2/23,226031.1951,0.00%,
5/3/23,227358.4305,0.00%,
5/4/23,224167.2665,1.40%,
5/5/23,223772.066,0.18%,
5/8/23,228217.5133,0.00%,
5/9/23,228199.0401,0.01%,
5/10/23,231788.6118,0.00%,
5/11/23,231368.857,0.18%,
5/12/23,226875.4781,1.94%,
5/15/23,225786.4485,0.48%,
5/16/23,224748.6213,0.46%,
5/17/23,227874.139,0.00%,
5/18/23,228061.1118,0.00%,
5/19/23,227980.6549,0.04%,
5/22/23,229706.8096,0.00%,
5/23/23,228914.588,0.34%,
5/24/23,225123.7065,1.66%,
5/25/23,228002.9917,0.00%,
5/26/23,227135.1293,0.38%,
5/29/23,224085.2576,1.34%,
5/30/23,227070.6039,0.00%,
5/31/23,228947.2651,0.00%,
6/1/23,229898.775,0.00%,
6/2/23,230718.0886,0.00%,
6/5/23,235268.0515,0.00%,
6/6/23,237062.3664,0.00%,
6/7/23,236836.561,0.10%,
6/8/23,237079.6121,0.00%,
6/9/23,236386.3987,0.29%,
6/12/23,236581.6381,0.00%,
6/13/23,237003.0098,0.00%,
6/14/23,239142.5296,0.00%,
6/15/23,240103.3094,0.00%,
6/16/23,242059.1189,0.00%,
6/19/23,242792.2029,0.00%,
6/20/23,242180.5115,0.25%,
6/21/23,241284.6489,0.37%,
6/22/23,237161.9506,1.71%,
6/23/23,239926.6965,0.00%,
6/26/23,242899.8832,0.00%,
6/27/23,245601.2518,0.00%,
6/28/23,246981.7372,0.00%,
6/29/23,244811.1653,0.88%,
6/30/23,240085.865,1.93%,
7/3/23,243302.312,0.00%,
7/4/23,247237.0324,0.00%,
7/5/23,246503.5984,0.30%,
7/6/23,243486.8256,1.22%,
7/7/23,240163.5088,1.36%,
7/10/23,244664.5017,0.00%,
7/11/23,244788.4371,0.00%,
7/12/23,249078.0316,0.00%,
7/13/23,244918.2193,1.67%,
7/14/23,245435.3094,0.00%,
7/17/23,249184.0617,0.00%,
7/18/23,248686.8887,0.20%,
7/19/23,248300.072,0.16%,
7/20/23,249531.896,0.00%,
7/21/23,248645.8884,0.36%,
7/24/23,253043.6787,0.00%,
7/25/23,252609.5256,0.17%,
7/26/23,249928.7448,1.06%,
7/27/23,246632.6421,1.32%,
7/28/23,251162.8012,0.00%,
7/31/23,248507.7678,1.06%,
8/1/23,247305.5671,0.48%,
8/2/23,245973.0393,0.54%,
8/3/23,242657.0517,1.35%,
8/4/23,244533.6055,0.00%,
8/7/23,241840.7892,1.10%,
8/8/23,242591.0656,0.00%,
8/9/23,242959.3192,0.00%,
8/10/23,239668.785,1.35%,
8/11/23,244646.55,0.00%,
8/14/23,247980.042,0.00%,
8/15/23,244738.4001,1.31%,
8/16/23,244976.3313,0.00%,
8/17/23,245452.9398,0.00%,
8/18/23,249607.8896,0.00%,
8/21/23,247298.6038,0.93%,
8/22/23,248918.0793,0.00%,
8/23/23,244866.1523,1.63%,
8/24/23,249803.5608,0.00%,
8/25/23,246006.9958,1.52%,
8/28/23,247592.511,0.00%,
8/29/23,251598.1934,0.00%,
8/30/23,255136.8184,0.00%,
8/31/23,253020.0561,0.83%,
9/1/23,248446.8494,1.81%,
9/4/23,243834.1269,1.86%,
9/5/23,247638.8778,0.00%,
9/6/23,247804.5052,0.00%,
9/7/23,251758.2722,0.00%,
9/8/23,254059.2873,0.00%,
9/11/23,258594.3388,0.00%,
9/12/23,254983.5504,1.40%,
9/13/23,255653.5696,0.00%,
9/14/23,250948.1658,1.84%,
9/15/23,253753.7841,0.00%,
9/18/23,257107.97,0.00%,
9/19/23,259254.6391,0.00%,
9/20/23,256127.0128,1.21%,
9/21/23,254085.6309,0.80%,
9/22/23,255864.7691,0.00%,
9/25/23,258967.4088,0.00%,
9/26/23,254696.7407,1.65%,
9/27/23,252649.7615,0.80%,
9/28/23,255866.4936,0.00%,
9/29/23,251321.63,1.78%,
10/2/23,253075.0811,0.00%,
10/3/23,249046.8865,1.59%,
10/4/23,247978.2372,0.43%,
10/5/23,251012.4014,0.00%,
10/6/23,247054.0157,1.58%,
10/9/23,250392.0063,0.00%,
10/10/23,249945.0411,0.18%,
10/11/23,246707.308,1.30%,
10/12/23,250406.2408,0.00%,
10/13/23,252345.2923,0.00%,
10/16/23,250897.8683,0.57%,
10/17/23,247492.8824,1.36%,
10/18/23,242626.8497,1.97%,
10/19/23,244032.5958,0.00%,
10/20/23,244537.4259,0.00%,
10/23/23,240516.7788,1.64%,
10/24/23,242719.5847,0.00%,
10/25/23,246591.3943,0.00%,
10/26/23,249067.0907,0.00%,
10/27/23,244697.4665,1.75%,
10/30/23,244542.2608,0.06%,
10/31/23,245874.5802,0.00%,
11/1/23,247336.7303,0.00%,
11/2/23,243703.5855,1.47%,
11/3/23,245295.4516,0.00%,
11/6/23,249184.4253,0.00%,
11/7/23,249128.676,0.02%,
11/8/23,249807.33,0.00%,
11/9/23,245381.2017,1.77%,
11/10/23,249582.9978,0.00%,
11/13/23,248481.887,0.44%,
11/14/23,250946.9235,0.00%,
11/15/23,252096.6245,0.00%,
11/16/23,252943.3545,0.00%,
11/17/23,256716.5804,0.00%,
11/20/23,255448.352,0.49%,
11/21/23,252834.5075,1.02%,
11/22/23,249624.6958,1.27%,
11/23/23,253893.3061,0.00%,
11/24/23,258330.429,0.00%,
11/27/23,259015.0628,0.00%,
11/28/23,262866.3019,0.00%,
11/29/23,267171.8107,0.00%,
11/30/23,268273.8672,0.00%,
12/1/23,267129.6716,0.43%,
12/4/23,262728.6758,1.65%,
12/5/23,263700.0238,0.00%,
12/6/23,268723.2713,0.00%,
12/7/23,269430.4355,0.00%,
12/8/23,271584.7174,0.00%,
12/11/23,268938.36,0.97%,
12/12/23,270379.9444,0.00%,
12/13/23,274633.4872,0.00%,
12/14/23,271420.0631,1.17%,
12/15/23,273176.9719,0.00%,
12/18/23,274838.1096,0.00%,
12/19/23,275861.7872,0.00%,
12/20/23,275433.4387,0.16%,
12/21/23,279995.9694,0.00%,
12/22/23,281630.871,0.00%,
12/25/23,286005.5186,0.00%,
12/26/23,289394.1368,0.00%,
12/27/23,292648.5385,0.00%,
12/28/23,295449.5673,0.00%,
12/29/23,299646.2332,0.00%,
1/1/24,295851.5395,1.27%,
1/2/24,292054.5338,1.28%,
1/3/24,291541.1279,0.18%,
1/4/24,288296.9927,1.11%,
1/5/24,291387.905,0.00%,
1/8/24,295382.0062,0.00%,
1/9/24,292766.3279,0.89%,
1/10/24,293974.5028,0.00%,
1/11/24,295338.2497,0.00%,
1/12/24,298400.8469,0.00%,
1/15/24,293671.9964,1.58%,
1/16/24,291733.835,0.66%,
1/17/24,290881.349,0.29%,
1/18/24,295145.9186,0.00%,
1/19/24,291738.1764,1.15%,
1/22/24,290057.8875,0.58%,
1/23/24,286492.5634,1.23%,
1/24/24,288280.4093,0.00%,
1/25/24,293356.2246,0.00%,
1/26/24,293607.5557,0.00%,
1/29/24,291647.1925,0.67%,
1/30/24,287779.6141,1.33%,
1/31/24,288726.401,0.00%,
2/1/24,285671.0249,1.06%,
2/2/24,290625.7028,0.00%,
2/5/24,288792.4312,0.63%,
2/6/24,289427.9022,0.00%,
2/7/24,291221.793,0.00%,
2/8/24,295210.2433,0.00%,
2/9/24,294479.5422,0.25%,
2/12/24,295762.6364,0.00%,
2/13/24,299347.9692,0.00%,
2/14/24,302853.0949,0.00%,
2/15/24,304074.1115,0.00%,
2/16/24,308898.7346,0.00%,
2/19/24,308231.4977,0.22%,
2/20/24,312182.5912,0.00%,
2/21/24,312306.0376,0.00%,
2/22/24,308341.2984,1.27%,
2/23/24,312501.7971,0.00%,
2/26/24,313890.2931,0.00%,
2/27/24,310611.6583,1.04%,
2/28/24,307898.7308,0.87%,
2/29/24,305699.9998,0.71%,
3/1/24,307615.8962,0.00%,
3/4/24,307012.737,0.20%,
3/5/24,302947.9497,1.32%,
3/6/24,307540.6594,0.00%,
3/7/24,310934.9102,0.00%,
3/8/24,306872.528,1.31%,
3/11/24,303485.8215,1.10%,
3/12/24,303279.4698,0.07%,
3/13/24,299945.6701,1.10%,
3/14/24,297187.1043,0.92%,
3/15/24,293913.8788,1.10%,
3/18/24,290851.7629,1.04%,
3/19/24,288462.2967,0.82%,
3/20/24,293393.4258,0.00%,
3/21/24,291375.2635,0.69%,
3/22/24,293492.4613,0.00%,
3/25/24,290670.8093,0.96%,
3/26/24,289488.3104,0.41%,
3/27/24,286650.1126,0.98%,
3/28/24,282524.6462,1.44%,
3/29/24,284612.2283,0.00%,
4/1/24,287789.5136,0.00%,
4/2/24,290624.0266,0.00%,
4/3/24,289865.7972,0.26%,
4/4/24,291861.44,0.00%,
4/5/24,287560.2673,1.47%,
4/8/24,292587.9717,0.00%,
4/9/24,296965.4503,0.00%,
4/10/24,292400.5157,1.54%,
4/11/24,292297.3271,0.04%,
4/12/24,296287.0288,0.00%,
4/15/24,296279.9841,0.00%,
4/16/24,297816.5081,0.00%,
4/17/24,298829.3491,0.00%,
4/18/24,303521.0133,0.00%,
4/19/24,301517.8653,0.66%,
4/22/24,303297.8523,0.00%,
4/23/24,301904.6989,0.46%,
4/24/24,300768.1315,0.38%,
4/25/24,301272.4124,0.00%,
4/26/24,301237.414,0.01%,
4/29/24,298646.0502,0.86%,
4/30/24,294997.3979,1.22%,
5/1/24,292423.8853,0.87%,
5/2/24,295483.5095,0.00%,
5/3/24,298977.971,0.00%,
5/6/24,303905.1062,0.00%,
5/7/24,301195.5423,0.89%,
5/8/24,298575.2516,0.87%,
5/9/24,293814.5232,1.59%,
5/10/24,293297.8658,0.18%,
5/13/24,297659.0172,0.00%,
5/14/24,293028.4961,1.56%,
5/15/24,292372.4171,0.22%,
5/16/24,288899.1745,1.19%,
5/17/24,287026.3657,0.65%,
5/20/24,286014.3386,0.35%,
5/21/24,282364.0651,1.28%,
5/22/24,280356.4996,0.71%,
5/23/24,277716.3815,0.94%,
5/24/24,277876.9371,0.00%,
5/27/24,274043.0933,1.38%,
5/28/24,274527.1216,0.00%,
5/29/24,277419.2309,0.00%,
5/30/24,273667.2965,1.35%,
5/31/24,278677.1094,0.00%,
6/3/24,275487.9654,1.14%,
6/4/24,271626.4236,1.40%,
6/5/24,269479.0603,0.79%,
6/6/24,270141.7032,0.00%,
6/7/24,268754.447,0.51%,
6/10/24,270221.3291,0.00%,
6/11/24,270759.4982,0.00%,
6/12/24,270807.6752,0.00%,
6/13/24,271899.2095,0.00%,
6/14/24,269304.6968,0.95%,
6/17/24,265725.1116,1.33%,
6/18/24,268567.82,0.00%,
6/19/24,270539.086,0.00%,
6/20/24,274420.3078,0.00%,
6/21/24,272643.5352,0.65%,
6/24/24,269560.9623,1.13%,
6/25/24,271159.1745,0.00%,
6/26/24,276256.271,0.00%,
6/27/24,274074.499,0.79%,
6/28/24,270392.1223,1.34%,
7/1/24,266090.307,1.59%,
7/2/24,270768.1583,0.00%,
7/3/24,274615.9926,0.00%,
7/4/24,269760.6353,1.77%,
7/5/24,267820.1877,0.72%,
7/8/24,270230.6344,0.00%,
7/9/24,275103.3612,0.00%,
7/10/24,278672.4413,0.00%,
7/11/24,274945.7656,1.34%,
7/12/24,273433.9577,0.55%,
7/15/24,268630.2511,1.76%,
7/16/24,271347.6655,0.00%,
7/17/24,271641.3325,0.00%,
7/18/24,276615.7583,0.00%,
7/19/24,272073.6415,1.64%,
7/22/24,269921.2363,0.79%,
7/23/24,265456.057,1.65%,
7/24/24,267523.7879,0.00%,
7/25/24,271342.4802,0.00%,
7/26/24,271255.5383,0.03%,
7/29/24,271513.4364,0.00%,
7/30/24,272140.6609,0.00%,
7/31/24,269498.5001,0.97%,
8/1/24,273751.9576,0.00%,
8/2/24,278604.5722,0.00%,
8/5/24,278077.4505,0.19%,
8/6/24,275202.1379,1.03%,
8/7/24,276921.2761,0.00%,
8/8/24,275758.866,0.42%,
8/9/24,279215.13,0.00%,
8/12/24,282519.9655,0.00%,
8/13/24,278210.751,1.53%,
8/14/24,278290.7351,0.00%,
8/15/24,281115.3183,0.00%,
8/16/24,283164.2328,0.00%,
8/19/24,284072.499,0.00%,
8/20/24,280717.0129,1.18%,
8/21/24,278343.7398,0.85%,
8/22/24,276666.6472,0.60%,
8/23/24,272137.4275,1.64%,
8/26/24,271295.8996,0.31%,
8/27/24,273619.796,0.00%,
8/28/24,277030.5022,0.00%,
8/29/24,279928.0753,0.00%,
8/30/24,279707.5607,0.08%,
9/2/24,276972.7692,0.98%,
9/3/24,273762.8313,1.16%,
9/4/24,273261.6399,0.18%,
9/5/24,270880.8407,0.87%,
9/6/24,272132.0789,0.00%,
9/9/24,271664.5502,0.17%,
9/10/24,273333.921,0.00%,
9/11/24,271062.5571,0.83%,
9/12/24,275949.8191,0.00%,
9/13/24,275608.5231,0.12%,
9/16/24,274534.3928,0.39%,
9/17/24,270808.7936,1.36%,
9/18/24,270548.8059,0.10%,
9/19/24,270933.7166,0.00%,
9/20/24,275502.445,0.00%,
9/23/24,276946.4739,0.00%,
9/24/24,272526.9121,1.60%,
9/25/24,270569.2133,0.72%,
9/26/24,275608.682,0.00%,
9/27/24,278523.8943,0.00%,
9/30/24,278946.4465,0.00%,
10/1/24,276374.4211,0.92%,
10/2/24,275447.605,0.34%,
10/3/24,277787.1093,0.00%,
10/4/24,274701.5011,1.11%,
10/7/24,272441.8329,0.82%,
10/8/24,272517.7013,0.00%,
10/9/24,273922.7043,0.00%,
10/10/24,269652.7498,1.56%,
10/11/24,265872.7125,1.40%,
10/14/24,265692.8257,0.07%,
10/15/24,269912.6256,0.00%,
10/16/24,271041.5386,0.00%,
10/17/24,271454.254,0.00%,
10/18/24,269021.8702,0.90%,
10/21/24,264491.9731,1.68%,
10/22/24,263150.1367,0.51%,
10/23/24,266050.676,0.00%,
10/24/24,270770.9938,0.00%,
10/25/24,269747.4001,0.38%,
10/28/24,272136.4399,0.00%,
10/29/24,273490.3204,0.00%,
10/30/24,277482.293,0.00%,
10/31/24,273645.1817,1.38%,
11/1/24,276148.7486,0.00%,
11/4/24,274376.9665,0.64%,
11/5/24,270972.8055,1.24%,
11/6/24,271282.5253,0.00%,
11/7/24,269481.1841,0.66%,
11/8/24,267664.7525,0.67%,
11/11/24,267252.539,0.15%,
11/12/24,271189.4211,0.00%,
11/13/24,271787.8651,0.00%,
11/14/24,271351.6338,0.16%,
11/15/24,266600.4348,1.75%,
11/18/24,270934.7895,0.00%,
11/19/24,272687.2928,0.00%,
11/20/24,274496.6124,0.00%,
11/21/24,274626.678,0.00%,
11/22/24,270113.3652,1.64%,
11/25/24,274965.6928,0.00%,
11/26/24,272076.1112,1.05%,
11/27/24,268641.0268,1.26%,
11/28/24,267443.8502,0.45%,
11/29/24,271198.9237,0.00%,
12/2/24,274404.7964,0.00%,
12/3/24,270810.3624,1.31%,
12/4/24,274681.9578,0.00%,
12/5/24,278264.9882,0.00%,
12/6/24,281063.4423,0.00%,
12/9/24,278766.8989,0.82%,
12/10/24,275991.1366,1.00%,
12/11/24,279818.3173,0.00%,
12/12/24,284193.6164,0.00%,
12/13/24,282204.8337,0.70%,
12/16/24,284553.2493,0.00%,
12/17/24,288406.181,0.00%,
12/18/24,284013.7095,1.52%,
12/19/24,282373.3671,0.58%,
12/20/24,280209.1138,0.77%,
12/23/24,279344.0376,0.31%,
12/24/24,277377.8604,0.70%,
12/25/24,274200.5155,1.15%,
12/26/24,278564.7825,0.00%,
12/27/24,279505.9122,0.00%,
12/30/24,275755.5319,1.34%,
12/31/24,272607.9111,1.14%,
1/1/25,270457.1654,0.79%,
1/2/25,274396.9555,0.00%,
1/3/25,270569.0512,1.40%,
1/6/25,266336.2846,1.56%,
1/7/25,270174.8438,0.00%,
1/8/25,268126.4233,0.76%,
1/9/25,271185.6305,0.00%,
1/10/25,270848.93,0.12%,
1/13/25,271205.6813,0.00%,
1/14/25,274446.6906,0.00%,
1/15/25,277696.6077,0.00%,
1/16/25,273957.3782,1.35%,
1/17/25,270449.1514,1.28%,
1/20/25,275235.901,0.00%,
1/21/25,273767.7162,0.53%,
1/22/25,276243.7626,0.00%,
1/23/25,274940.6259,0.47%,
1/24/25,278056.6882,0.00%,
1/27/25,275845.0114,0.80%,
1/28/25,278765.4828,0.00%,
1/29/25,282410.978,0.00%,
1/30/25,283967.7041,0.00%,
1/31/25,289034.0037,0.00%,
2/3/25,284578.8527,1.54%,
2/4/25,286613.6287,0.00%,
2/5/25,290955.9706,0.00%,
2/6/25,290686.2237,0.09%,
2/7/25,295098.4913,0.00%,
2/10/25,293934.3989,0.39%,
2/11/25,296358.9468,0.00%,
2/12/25,300124.4654,0.00%,
2/13/25,300869.4273,0.00%,
2/14/25,299689.0169,0.39%,
2/17/25,295723.8297,1.32%,
2/18/25,291248.0811,1.51%,
2/19/25,294237.7746,0.00%,
2/20/25,289709.3875,1.54%,
2/21/25,293208.6549,0.00%,
2/24/25,294478.3029,0.00%,
2/25/25,299063.3686,0.00%,
2/26/25,303701.4961,0.00%,
2/27/25,307949.0501,0.00%,
2/28/25,311766.9934,0.00%,
3/3/25,311501.0951,0.09%,
3/4/25,312170.585,0.00%,
3/5/25,316540.2681,0.00%,
3/6/25,315924.4624,0.19%,
3/7/25,313915.9373,0.64%,
3/10/25,312564.0277,0.43%,
3/11/25,309436.3432,1.00%,
3/12/25,309644.8747,0.00%,
3/13/25,307927.7749,0.55%,
3/14/25,307437.5065,0.16%,
3/17/25,306256.5579,0.38%,
3/18/25,305434.5539,0.27%,
3/19/25,302939.0024,0.82%,
3/20/25,300779.9055,0.71%,
3/21/25,303667.9773,0.00%,
3/24/25,307662.7576,0.00%,
3/25/25,305970.3828,0.55%,
3/26/25,305816.6163,0.05%,
3/27/25,301970.1017,1.26%,
3/28/25,306446.361,0.00%,
3/31/25,301978.4663,1.46%,
4/1/25,303765.9194,0.00%,
4/2/25,305365.0823,0.00%,
4/3/25,304246.2228,0.37%,
4/4/25,307821.2363,0.00%,
4/7/25,308427.315,0.00%,
4/8/25,307266.2866,0.38%,
4/9/25,309065.1167,0.00%,
4/10/25,309848.5921,0.00%,
4/11/25,307597.402,0.73%,
4/14/25,312232.3989,0.00%,
4/15/25,315387.1736,0.00%,
4/16/25,311640.3293,1.19%,
4/17/25,308136.9082,1.12%,
4/18/25,303264.9607,1.58%,
4/21/25,306387.1812,0.00%,
4/22/25,307803.4553,0.00%,
4/23/25,305538.6051,0.74%,
4/24/25,307832.7711,0.00%,
4/25/25,306671.9529,0.38%,
4/28/25,305240.752,0.47%,
4/29/25,310158.0745,0.00%,
4/30/25,308134.0038,0.65%,
5/1/25,307718.2797,0.13%,
5/2/25,311419.1586,0.00%,
5/5/25,309646.0215,0.57%,
5/6/25,309518.221,0.04%,
5/7/25,305901.8652,1.17%,
5/8/25,310152.5527,0.00%,
5/9/25,313567.9208,0.00%,
5/12/25,309858.4033,1.18%,
5/13/25,309535.9021,0.10%,
5/14/25,305285.8666,1.37%,
5/15/25,306382.0183,0.00%,
5/16/25,308844.276,0.00%,
5/19/25,307071.675,0.57%,
5/20/25,303841.2769,1.05%,
5/21/25,308053.3876,0.00%,
5/22/25,306566.5825,0.48%,
5/23/25,305200.6571,0.45%,
5/26/25,305526.1508,0.00%,
5/27/25,305728.1452,0.00%,
5/28/25,306029.9592,0.00%,
5/29/25,308738.0649,0.00%,
5/30/25,304448.8916,1.39%,
6/2/25,303842.6679,0.20%,
6/3/25,304063.8405,0.00%,
6/4/25,302331.6211,0.57%,
6/5/25,300912.8426,0.47%,
6/6/25,298390.1316,0.84%,
6/9/25,300286.0939,0.00%,
6/10/25,302495.9962,0.00%,
6/11/25,301698.407,0.26%,
6/12/25,299474.8343,0.74%,
6/13/25,299074.8015,0.13%,
6/16/25,297097.3104,0.66%,
6/17/25,293905.1337,1.07%,
6/18/25,294558.3571,0.00%,
6/19/25,296546.7244,0.00%,
6/20/25,296174.753,0.13%,
6/23/25,295778.5444,0.13%,
6/24/25,292111.2976,1.24%,
6/25/25,296647.2494,0.00%,
6/26/25,299299.316,0.00%,
6/27/25,300993.3542,0.00%,
6/30/25,300269.5594,0.24%,
7/1/25,296678.5469,1.20%,
7/2/25,293461.5383,1.08%,
7/3/25,293253.7234,0.07%,
7/4/25,292035.2871,0.42%,
7/7/25,290001.6119,0.70%,
7/8/25,290233.5016,0.00%,
7/9/25,292158.3153,0.00%,
7/10/25,289945.472,0.76%,
7/11/25,289559.307,0.13%,
7/14/25,289927.8917,0.00%,
7/15/25,286051.5319,1.34%,
7/16/25,289416.197,0.00%,
7/17/25,286668.0838,0.95%,
7/18/25,286129.3004,0.19%,
7/21/25,282933.6795,1.12%,
7/22/25,282581.5714,0.12%,
7/23/25,278959.7382,1.28%,
7/24/25,280167.9344,0.00%,
7/25/25,282396.7604,0.00%,
7/28/25,284599.237,0.00%,
7/29/25,282840.105,0.62%,
7/30/25,281882.9265,0.34%,
7/31/25,279346.5769,0.90%,
8/1/25,276280.1672,1.10%,
8/4/25,275901.3178,0.14%,
8/5/25,274558.7816,0.49%,
8/6/25,270373.9678,1.52%,
8/7/25,269304.4954,0.40%,
8/8/25,271405.731,0.00%,
8/11/25,269269.8632,0.79%,
8/12/25,274275.5345,0.00%,
8/13/25,276745.7918,0.00%,
8/14/25,272121.6257,1.67%,
8/15/25,269376.3985,1.01%,
8/18/25,265809.1678,1.32%,
8/19/25,268100.5334,0.00%,
8/20/25,271920.4762,0.00%,
8/21/25,269191.0908,1.00%,
8/22/25,267590.6293,0.59%,
8/25/25,270457.945,0.00%,
8/26/25,273066.5536,0.00%,
8/27/25,276748.9365,0.00%,
8/28/25,274506.0355,0.81%,
8/29/25,277517.5926,0.00%,
9/1/25,280091.8328,0.00%,
9/2/25,281977.6994,0.00%,
9/3/25,282939.5831,0.00%,
9/4/25,286279.0414,0.00%,
9/5/25,283941.7509,0.82%,
9/8/25,287782.2451,0.00%,
9/9/25,289791.2073,0.00%,
9/10/25,288148.8545,0.57%,
9/11/25,287580.1497,0.20%,
9/12/25,286526.9021,0.37%,
9/15/25,290105.9512,0.00%,
9/16/25,291822.9815,0.00%,
9/17/25,296441.3207,0.00%,
9/18/25,292729.1288,1.25%,
9/19/25,297782.357,0.00%,
9/22/25,297645.6405,0.05%,
9/23/25,300414.9295,0.00%,
9/24/25,301922.4854,0.00%,
9/25/25,304279.3831,0.00%,
9/26/25,304819.5604,0.00%,
9/29/25,301553.5127,1.07%,
9/30/25,303365.2964,0.00%,
10/1/25,303255.6755,0.04%,
10/2/25,302401.1059,0.28%,
10/3/25,305521.991,0.00%,
10/6/25,301458.8476,1.33%,
10/7/25,301978.2522,0.00%,
10/8/25,300137.6897,0.61%,
10/9/25,305047.8069,0.00%,
10/10/25,309582.836,0.00%,
10/13/25,313717.6297,0.00%,
10/14/25,316536.6302,0.00%,
10/15/25,314809.7375,0.55%,
10/16/25,319729.3959,0.00%,
10/17/25,320645.3886,0.00%,
10/20/25,321591.6481,0.00%,
10/21/25,322133.5746,0.00%,
10/22/25,324193.0931,0.00%,
10/23/25,329033.4264,0.00%,
10/24/25,331770.6592,0.00%,
10/27/25,333280.3473,0.00%,
10/28/25,329288.0927,1.20%,
10/29/25,325696.708,1.09%,
10/30/25,321627.8754,1.25%,
10/31/25,325600.4921,0.00%,
11/3/25,326464.2861,0.00%,
11/4/25,327137.2759,0.00%,
11/5/25,325568.3635,0.48%,
11/6/25,321518.0304,1.24%,
11/7/25,317314.5909,1.31%,
11/10/25,319960.5364,0.00%,
11/11/25,320598.4107,0.00%,
11/12/25,322723.6449,0.00%,
11/13/25,319089.4177,1.13%,
11/14/25,316636.4357,0.77%,
11/17/25,312287.348,1.37%,
11/18/25,311998.4896,0.09%,
11/19/25,307287.9596,1.51%,
11/20/25,302777.1626,1.47%,
11/21/25,301774.7298,0.33%,
11/24/25,299196.8617,0.85%,
11/25/25,304083.4257,0.00%,
11/26/25,302745.1687,0.44%,
11/27/25,307424.5783,0.00%,
11/28/25,308128.2071,0.00%,
12/1/25,311577.8543,0.00%,
12/2/25,307988.6217,1.15%,
12/3/25,312601.7865,0.00%,
12/4/25,310968.3596,0.52%,
12/5/25,313452.8662,0.00%,
12/8/25,313798.3843,0.00%,
12/9/25,313066.2337,0.23%,
12/10/25,310454.7554,0.83%,
12/11/25,314130.7682,0.00%,
12/12/25,313911.6458,0.07%,
12/15/25,316642.3391,0.00%,
12/16/25,320553.3229,0.00%,
12/17/25,323088.598,0.00%,
12/18/25,320918.2101,0.67%,
12/19/25,316030.4016,1.52%,
12/22/25,313945.34,0.66%,
12/23/25,312108.6778,0.59%,
12/24/25,315589.7634,0.00%,
12/25/25,320393.5763,0.00%,
12/26/25,324972.5114,0.00%,
12/29/25,323597.41,0.42%,
12/30/25,320553.9191,0.94%,
12/31/25,321592.273,0.00%,
1/1/26,317965.874,1.13%,
1/2/26,319293.4793,0.00%,
1/5/26,318873.4482,0.13%,
1/6/26,320496.0175,0.00%,
1/7/26,325231.2427,0.00%,
1/8/26,329091.6734,0.00%,
1/9/26,326339.6231,0.84%,
1/12/26,323351.4813,0.92%,
1/13/26,318536.3308,1.49%,
1/14/26,316354.6011,0.68%,
1/15/26,321288.5795,0.00%,
1/16/26,321463.902,0.00%,
1/19/26,326381.7935,0.00%,
1/20/26,330716.0669,0.00%,
1/21/26,326960.3306,1.14%,
1/22/26,322874.1516,1.25%,
1/23/26,319000.9439,1.20%,
1/26/26,315041.4832,1.24%,
1/27/26,314503.8325,0.17%,
1/28/26,315591.9763,0.00%,
1/29/26,313397.7833,0.70%,
1/30/26,316654.2633,0.00%,
2/2/26,315220.9686,0.45%,
2/3/26,317096.2286,0.00%,
2/4/26,319407.6683,0.00%,
2/5/26,319968.9636,0.00%,
2/6/26,321765.149,0.00%,
2/9/26,326763.4158,0.00%,
2/10/26,327885.9246,0.00%,
2/11/26,330320.6176,0.00%,
2/12/26,327548.5846,0.84%,
2/13/26,324099.5774,1.05%,
2/16/26,320258.7147,1.19%,
2/17/26,315397.2322,1.52%,
2/18/26,310695.7051,1.49%,
2/19/26,306546.0639,1.34%,
2/20/26,308123.8817,0.00%,
2/23/26,309480.9872,0.00%,
2/24/26,309926.7546,0.00%,
2/25/26,307734.1942,0.71%,
2/26/26,311062.7703,0.00%,
2/27/26,314274.8216,0.00%,
3/2/26,318104.9331,0.00%,
3/3/26,318213.2546,0.00%,
3/4/26,319412.5053,0.00%,
3/5/26,318554.7345,0.27%,
3/6/26,314477.1046,1.28%,
3/9/26,309969.7155,1.43%,
3/10/26,308907.1716,0.34%,
3/11/26,311546.5274,0.00%,
3/12/26,307263.8947,1.37%,
3/13/26,310176.2536,0.00%,
3/16/26,310300.9342,0.00%,
3/17/26,314344.8696,0.00%,
3/18/26,310840.5683,1.11%,
3/19/26,314528.9939,0.00%,
3/20/26,317277.5925,0.00%,
3/23/26,321665.8469,0.00%,
3/24/26,317826.3794,1.19%,
3/25/26,321156.9169,0.00%,
3/26/26,324403.2762,0.00%,
3/27/26,328016.3978,0.00%,
3/30/26,325887.9189,0.65%,
3/31/26,329576.7597,0.00%,
4/1/26,326571.1803,0.91%,
4/2/26,321762.7875,1.47%,
4/3/26,319103.0866,0.83%,
4/6/26,319825.8634,0.00%,
4/7/26,316932.893,0.90%,
4/8/26,317048.3149,0.00%,
4/9/26,318602.0678,0.00%,
4/10/26,323072.0916,0.00%,
4/13/26,325732.8745,0.00%,
4/14/26,324315.0452,0.44%,
4/15/26,328582.0578,0.00%,
4/16/26,325337.3499,0.99%,
4/17/26,328625.1959,0.00%,
4/20/26,324254.4667,1.33%,
4/21/26,324421.9956,0.00%,
4/22/26,328113.9594,0.00%,
4/23/26,330876.4658,0.00%,
4/24/26,330227.381,0.20%,
4/27/26,325378.0017,1.47%,
4/28/26,323193.8425,0.67%,
4/29/26,319360.1275,1.19%,
4/30/26,324366.2473,0.00%,
5/1/26,325048.6731,0.00%,
5/4/26,321957.9325,0.95%,
5/5/26,325890.6853,0.00%,
5/6/26,323667.556,0.68%,
5/7/26,322410.6748,0.39%,
5/8/26,320836.137,0.49%,
5/11/26,319704.877,0.35%,
5/12/26,321724.1941,0.00%,
5/13/26,317646.1545,1.27%,
5/14/26,316668.0718,0.31%,
5/15/26,312991.6329,1.16%,
5/18/26,310393.4554,0.83%,
5/19/26,312033.3035,0.00%,
5/20/26,314438.3812,0.00%,
5/21/26,316392.1092,0.00%,
5/22/26,320189.2635,0.00%,
5/25/26,322791.5334,0.00%,
5/26/26,320033.3752,0.85%,
5/27/26,319566.6685,0.15%,
5/28/26,319457.887,0.03%,
5/29/26,317958.5882,0.47%,
6/1/26,314081.6891,1.22%,
6/2/26,313829.0189,0.08%,
6/3/26,317799.1965,0.00%,
6/4/26,316978.6556,0.26%,
6/5/26,319565.0103,0.00%,
6/8/26,314996.6085,1.43%,
6/9/26,316793.9114,0.00%,
6/10/26,314816.9277,0.62%,
6/11/26,315280.2869,0.00%,
6/12/26,312636.1189,0.84%,
6/15/26,315859.0669,0.00%,
6/16/26,316925.239,0.00%,
6/17/26,319142.8844,0.00%,
6/18/26,323952.1561,0.00%,
6/19/26,320100.1068,1.19%,
6/22/26,322916.9598,0.00%,
6/23/26,326575.7038,0.00%,
6/24/26,330534.6406,0.00%,
6/25/26,325846.5373,1.42%,
6/26/26,326662.9777,0.00%,
6/29/26,321773.8265,1.50%,
6/30/26,321760.7527,0.00%,
7/1/26,316878.8275,1.52%,
7/2/26,313708.9501,1.00%,
7/3/26,315457.1367,0.00%,
7/6/26,311991.4047,1.10%,
7/7/26,307375.0508,1.48%,
7/8/26,311958.9211,0.00%,
7/9/26,314215.0815,0.00%,
7/10/26,312634.1428,0.50%,
7/13/26,310559.4174,0.66%,
7/14/26,309686.4602,0.28%,
7/15/26,310051.083,0.00%,
7/16/26,307967.8837,0.67%,
7/17/26,310096.3267,0.00%,
7/20/26,310706.044,0.00%,
7/21/26,314961.8176,0.00%,
7/22/26,310404.5001,1.45%,
7/23/26,311965.547,0.00%,
7/24/26,309003.6043,0.95%,
7/27/26,307653.2789,0.44%,
7/28/26,304626.0269,0.98%,
7/29/26,308106.6924,0.00%,
7/30/26,312147.8954,0.00%,
7/31/26,310526.3087,0.52%,
8/3/26,311243.9882,0.00%,
8/4/26,312103.4373,0.00%,
8/5/26,312196.41,0.00%,
8/6/26,311074.932,0.36%,
8/7/26,307340.0646,1.20%,
8/10/26,307478.4687,0.00%,
8/11/26,310229.8361,0.00%,
8/12/26,306446.9506,1.22%,
8/13/26,303141.0326,1.08%,
8/14/26,298473.4046,1.54%,
8/17/26,297443.9633,0.34%,
8/18/26,299186.744,0.00%,
8/19/26,295779.7634,1.14%,
8/20/26,293270.0836,0.85%,
8/21/26,297332.2558,0.00%,
8/24/26,292477.6217,1.63%,
8/25/26,289754.684,0.93%,
8/26/26,285025.5988,1.63%,
8/27/26,281014.3652,1.41%,
8/28/26,283023.1346,0.00%,
8/31/26,279068.2256,1.40%,
9/1/26,282295.2171,0.00%,
9/2/26,286846.0819,0.00%,
9/3/26,286497.5858,0.12%,
9/4/26,284356.8034,0.75%,
9/7/26,285386.0247,0.00%,
9/8/26,282598.5516,0.98%,
9/9/26,283767.1249,0.00%,
9/10/26,283608.0715,0.06%,
9/11/26,285601.9001,0.00%,
9/14/26,287150.136,0.00%,
9/15/26,286533.4545,0.21%,
9/16/26,289425.986,0.00%,
9/17/26,293199.7639,0.00%,
9/18/26,289837.6093,1.15%,
9/21/26,290767.3093,0.00%,
9/22/26,294607.3971,0.00%,
9/23/26,291431.2098,1.08%,
9/24/26,291489.4534,0.00%,
9/25/26,289186.8077,0.79%,
9/28/26,287143.8832,0.71%,
9/29/26,289568.6029,0.00%,
9/30/26,292181.1495,0.00%,
10/1/26,295131.1063,0.00%,
10/2/26,294369.9011,0.26%,
10/5/26,297842.1255,0.00%,
10/6/26,296434.7502,0.47%,
10/7/26,296961.8472,0.00%,
10/8/26,297527.8047,0.00%,
10/9/26,299847.5701,0.00%,
10/12/26,304177.6485,0.00%,
10/13/26,303046.6607,0.37%,
10/14/26,301041.9089,0.66%,
10/15/26,298313.906,0.91%,
10/16/26,300421.3932,0.00%,
10/19/26,302168.3231,0.00%,
10/20/26,297752.1303,1.46%,
10/21/26,300683.2709,0.00%,
10/22/26,296099.9836,1.52%,
10/23/26,299430.051,0.00%,
10/26/26,298151.2696,0.43%,
10/27/26,297491.6875,0.22%,
10/28/26,302202.7126,0.00%,
10/29/26,298683.2429,1.16%,
10/30/26,302248.6317,0.00%,
11/2/26,305311.6189,0.00%,
11/3/26,304545.4877,0.25%,
11/4/26,304091.0944,0.15%,
11/5/26,301857.0194,0.73%,
11/6/26,305614.3608,0.00%,
11/9/26,300932.4761,1.53%,
11/10/26,301112.3201,0.00%,
11/11/26,301460.3135,0.00%,
11/12/26,301635.5539,0.00%,
11/13/26,299078.7888,0.85%,
11/16/26,300261.984,0.00%,
11/17/26,302833.7036,0.00%,
11/18/26,299787.7663,1.01%,
11/19/26,300244.4906,0.00%,
11/20/26,301068.5034,0.00%,
11/23/26,299052.9489,0.67%,
11/24/26,303882.1583,0.00%,
11/25/26,305380.5164,0.00%,
11/26/26,300555.9337,1.58%,
11/27/26,304753.533,0.00%,
11/30/26,301558.3958,1.05%,
12/1/26,299020.6576,0.84%,
12/2/26,300540.3528,0.00%,
12/3/26,296932.6064,1.20%,
12/4/26,297399.279,0.00%,
12/7/26,302025.9123,0.00%,
12/8/26,301391.2625,0.21%,
12/9/26,306479.3964,0.00%,
12/10/26,305080.9443,0.46%,
12/11/26,300594.2433,1.47%,
12/14/26,298305.2276,0.76%,
12/15/26,298360.3112,0.00%,
12/16/26,301273.4983,0.00%,
12/17/26,302200.2106,0.00%,
12/18/26,299315.4429,0.95%,
12/21/26,302390.3392,0.00%,
12/22/26,299342.8316,1.01%,
12/23/26,299604.8141,0.00%,
12/24/26,302377.7602,0.00%,
12/25/26,304749.8863,0.00%,
12/28/26,308450.3274,0.00%,
12/29/26,312937.6196,0.00%,
12/30/26,317620.9088,0.00%,
12/31/26,316266.7845,0.43%,
1/1/27,316106.3846,0.05%,
1/4/27,316045.1646,0.02%,
1/5/27,318122.442,0.00%,
1/6/27,319580.9164,0.00%,
1/7/27,320089.1751,0.00%,
1/8/27,315301.4475,1.50%,
1/11/27,314572.7185,0.23%,
1/12/27,315430.3391,0.00%,
1/13/27,313906.6796,0.48%,
1/14/27,318713.1373,0.00%,
1/15/27,319338.4601,0.00%,
1/18/27,322840.2951,0.00%,
1/19/27,318946.2622,1.21%,
1/20/27,316461.0578,0.78%,
1/21/27,317999.249,0.00%,
1/22/27,314814.2622,1.00%,
1/25/27,319000.5359,0.00%,
1/26/27,314188.3816,1.51%,
1/27/27,313281.2584,0.29%,
1/28/27,309488.6732,1.21%,
1/29/27,307117.2463,0.77%,
2/1/27,305263.1911,0.60%,
2/2/27,300527.6695,1.55%,
2/3/27,300078.1404,0.15%,
2/4/27,295657.9149,1.47%,
2/5/27,294282.4662,0.47%,
2/8/27,289929.6216,1.48%,
2/9/27,285981.8415,1.36%,
2/10/27,290460.7787,0.00%,
2/11/27,293040.7092,0.00%,
2/12/27,297964.3407,0.00%,
2/15/27,293393.9679,1.53%,
2/16/27,292596.0733,0.27%,
2/17/27,289886.5034,0.93%,
2/18/27,286080.474,1.31%,
2/19/27,288815.6993,0.00%,
2/22/27,287537.2386,0.44%,
2/23/27,284327.17,1.12%,
2/24/27,286282.303,0.00%,
2/25/27,285843.6573,0.15%,
2/26/27,289860.5953,0.00%,
3/1/27,289110.7997,0.26%,
3/2/27,293680.9688,0.00%,
3/3/27,296511.0607,0.00%,
3/4/27,295165.6618,0.45%,
3/5/27,294440.5176,0.25%,
3/8/27,297358.6559,0.00%,
3/9/27,299214.8844,0.00%,
3/10/27,302909.1528,0.00%,
3/11/27,302268.5271,0.21%,
3/12/27,306685.2849,0.00%,
3/15/27,305298.883,0.45%,
3/16/27,306739.1387,0.00%,
3/17/27,307509.2851,0.00%,
3/18/27,304796.6469,0.88%,
3/19/27,301392.6452,1.12%,
3/22/27,299273.2207,0.70%,
3/23/27,294935.6065,1.45%,
3/24/27,295131.9084,0.00%,
3/25/27,295381.2606,0.00%,
3/26/27,297684.8858,0.00%,
3/29/27,301221.1134,0.00%,
3/30/27,299085.7999,0.71%,
3/31/27,294472.8849,1.54%,
4/1/27,296281.4913,0.00%,
4/2/27,291555.8472,1.59%,
4/5/27,291837.6276,0.00%,
4/6/27,292938.1033,0.00%,
4/7/27,295800.2087,0.00%,
4/8/27,294859.6333,0.32%,
4/9/27,290914.1193,1.34%,
4/12/27,288046.3342,0.99%,
4/13/27,292083.9399,0.00%,
4/14/27,291365.8993,0.25%,
4/15/27,293823.9857,0.00%,
4/16/27,298478.9836,0.00%,
4/19/27,297157.4527,0.44%,
4/20/27,297743.8379,0.00%,
4/21/27,299848.4055,0.00%,
4/22/27,302604.4636,0.00%,
4/23/27,299612.8386,0.99%,
4/26/27,301166.9198,0.00%,
4/27/27,299507.8214,0.55%,
4/28/27,300074.6383,0.00%,
4/29/27,298359.7698,0.57%,
4/30/27,298291.5505,0.02%,
5/3/27,293616.3297,1.57%,
5/4/27,295398.2396,0.00%,
5/5/27,300412.8427,0.00%,
5/6/27,302171.1338,0.00%,
5/7/27,305473.3444,0.00%,
5/10/27,301464.3068,1.31%,
5/11/27,303366.6788,0.00%,
5/12/27,300502.7986,0.94%,
5/13/27,299029.848,0.49%,
5/14/27,295435.2049,1.20%,
5/17/27,295661.4152,0.00%,
5/18/27,299694.2103,0.00%,
5/19/27,301356.1915,0.00%,
5/20/27,304823.221,0.00%,
5/21/27,307006.9045,0.00%,
5/24/27,306083.0193,0.30%,
5/25/27,308366.0187,0.00%,
5/26/27,305054.2543,1.07%,
5/27/27,305777.9122,0.00%,
5/28/27,301365.9807,1.44%,
5/31/27,301523.3347,0.00%,
6/1/27,302214.1262,0.00%,
6/2/27,300181.788,0.67%,
6/3/27,297275.2131,0.97%,
6/4/27,295743.4944,0.52%,
6/7/27,290877.3615,1.65%,
6/8/27,288577.5781,0.79%,
6/9/27,284337.5717,1.47%,
6/10/27,283206.8912,0.40%,
6/11/27,286586.0542,0.00%,
6/14/27,287649.0603,0.00%,
6/15/27,289973.4588,0.00%,
6/16/27,288502.4133,0.51%,
6/17/27,288757.719,0.00%,
6/18/27,285690.3884,1.06%,
6/21/27,285390.1356,0.11%,
6/22/27,285620.2447,0.00%,
6/23/27,282835.6569,0.97%,
6/24/27,279766.1485,1.09%,
6/25/27,275652.4668,1.47%,
6/28/27,273440.0164,0.80%,
6/29/27,272134.5968,0.48%,
6/30/27,275334.7208,0.00%,
7/1/27,278829.5999,0.00%,
7/2/27,283449.7451,0.00%,
7/5/27,285160.884,0.00%,
7/6/27,284645.1956,0.18%,
7/7/27,281656.6298,1.05%,
7/8/27,279969.0127,0.60%,
7/9/27,278686.917,0.46%,
7/12/27,281623.5705,0.00%,
7/13/27,278974.915,0.94%,
7/14/27,275244.3211,1.34%,
7/15/27,271210.6198,1.47%,
7/16/27,275125.5702,0.00%,
7/19/27,275830.2047,0.00%,
7/20/27,271412.3432,1.60%,
7/21/27,274467.4566,0.00%,
7/22/27,275176.7401,0.00%,
7/23/27,277281.5284,0.00%,
7/26/27,274367.1493,1.05%,
7/27/27,275621.1062,0.00%,
7/28/27,279603.9906,0.00%,
7/29/27,277976.9412,0.58%,
7/30/27,281394.8285,0.00%,
8/2/27,276919.9179,1.59%,
8/3/27,276193.0121,0.26%,
8/4/27,280111.2056,0.00%,
8/5/27,283625.6859,0.00%,
8/6/27,287564.7258,0.00%,
8/9/27,291914.165,0.00%,
8/10/27,291209.6737,0.24%,
8/11/27,289483.2947,0.59%,
8/12/27,285845.2819,1.26%,
8/13/27,284861.6968,0.34%,
8/16/27,283602.0926,0.44%,
8/17/27,285309.6577,0.00%,
8/18/27,286424.7826,0.00%,
8/19/27,286072.7116,0.12%,
8/20/27,283014.044,1.07%,
8/23/27,279861.6241,1.11%,
8/24/27,283318.4043,0.00%,
8/25/27,280225.3518,1.09%,
8/26/27,276101.439,1.47%,
8/27/27,276315.5587,0.00%,
8/30/27,278949.4738,0.00%,
8/31/27,275268.5522,1.32%,
9/1/27,276241.8226,0.00%,
9/2/27,275229.7542,0.37%,
9/3/27,277843.8639,0.00%,
9/6/27,274424.7185,1.23%,
9/7/27,278583.41,0.00%,
9/8/27,282137.9496,0.00%,
9/9/27,282251.4564,0.00%,
9/10/27,284302.3951,0.00%,
9/13/27,287955.2533,0.00%,
9/14/27,289821.6529,0.00%,
9/15/27,291807.8321,0.00%,
9/16/27,296793.2115,0.00%,
9/17/27,293870.6298,0.98%,
9/20/27,297309.9325,0.00%,
9/21/27,296177.9391,0.38%,
9/22/27,300873.2761,0.00%,
9/23/27,301512.7668,0.00%,
9/24/27,305503.7086,0.00%,
9/27/27,308435.3646,0.00%,
9/28/27,309232.6821,0.00%,
9/29/27,307858.6476,0.44%,
9/30/27,304121.0384,1.21%,
10/1/27,303428.2761,0.23%,
10/4/27,308117.3092,0.00%,
10/5/27,308813.8442,0.00%,
10/6/27,308294.3424,0.17%,
10/7/27,304817.1018,1.13%,
10/8/27,306794.1649,0.00%,
10/11/27,307569.7045,0.00%,
10/12/27,309556.4358,0.00%,
10/13/27,305801.1591,1.21%,
10/14/27,307335.8571,0.00%,
10/15/27,311686.8811,0.00%,
10/18/27,315162.7142,0.00%,
10/19/27,313262.2807,0.60%,
10/20/27,314442.8593,0.00%,
10/21/27,316840.6047,0.00%,
10/22/27,314254.318,0.82%,
10/25/27,312509.1404,0.56%,
10/26/27,314919.6233,0.00%,
10/27/27,318871.9295,0.00%,
10/28/27,319070.9132,0.00%,
10/29/27,318724.1975,0.11%,
11/1/27,321817.5805,0.00%,
11/2/27,323373.8295,0.00%,
11/3/27,324275.3868,0.00%,
11/4/27,324976.9664,0.00%,
11/5/27,329328.6667,0.00%,
11/8/27,334325.8274,0.00%,
11/9/27,334183.426,0.04%,
11/10/27,331683.8034,0.75%,
11/11/27,335983.0122,0.00%,
11/12/27,333932.6781,0.61%,
11/15/27,333232.8937,0.21%,
11/16/27,336851.6593,0.00%,
11/17/27,332463.8733,1.30%,
11/18/27,334484.4389,0.00%,
11/19/27,329998.112,1.34%,
11/22/27,326469.2848,1.07%,
11/23/27,324694.1752,0.54%,
11/24/27,329129.0418,0.00%,
11/25/27,327694.756,0.44%,
11/26/27,324368.3333,1.02%,
11/29/27,329094.6955,0.00%,
11/30/27,324416.1919,1.42%,
12/1/27,322238.513,0.67%,
12/2/27,318992.1039,1.01%,
12/3/27,319356.2287,0.00%,
12/6/27,316523.0649,0.89%,
12/7/27,314170.4416,0.74%,
12/8/27,316916.4004,0.00%,
12/9/27,312733.9742,1.32%,
12/10/27,312944.6897,0.00%,
12/13/27,310604.9177,0.75%,
12/14/27,312900.8698,0.00%,
12/15/27,311296.4632,0.51%,
12/16/27,314980.5813,0.00%,
12/17/27,311938.5689,0.97%,
12/20/27,316151.6208,0.00%,
12/21/27,315473.5606,0.21%,
12/22/27,318671.1202,0.00%,
12/23/27,323017.69,0.00%,
12/24/27,318521.5662,1.39%,
12/27/27,322273.2734,0.00%,
12/28/27,325371.0472,0.00%,
12/29/27,328383.7448,0.00%,
12/30/27,333416.1479,0.00%,
12/31/27,336280.6728,0.00%,
1/3/28,337958.5719,0.00%,
1/4/28,335026.7405,0.87%,
1/5/28,336435.0373,0.00%,
1/6/28,339343.7458,0.00%,
1/7/28,336806.4344,0.75%,
1/10/28,341295.7357,0.00%,
1/11/28,344254.8467,0.00%,
1/12/28,343638.8788,0.18%,
1/13/28,344423.0888,0.00%,
1/14/28,341795.5699,0.76%,
1/17/28,342713.9735,0.00%,
1/18/28,343232.7101,0.00%,
1/19/28,344637.9671,0.00%,
1/20/28,339977.3466,1.35%,
1/21/28,339961.2529,0.00%,
1/24/28,340353.6535,0.00%,
1/25/28,336752.9276,1.06%,
1/26/28,336964.0864,0.00%,
1/27/28,339549.5087,0.00%,
1/28/28,339147.2261,0.12%,
1/31/28,337732.0222,0.42%,
2/1/28,337782.8743,0.00%,
2/2/28,341391.1208,0.00%,
2/3/28,337093.8394,1.26%,
2/4/28,341946.8779,0.00%,
2/7/28,344489.4243,0.00%,
2/8/28,341603.6565,0.84%,
2/9/28,345939.3716,0.00%,
2/10/28,350242.0899,0.00%,
2/11/28,345491.7134,1.36%,
2/14/28,346600.7501,0.00%,
2/15/28,347385.2834,0.00%,
2/16/28,350156.2144,0.00%,
2/17/28,351447.0222,0.00%,
2/18/28,353038.067,0.00%,
2/21/28,355787.0302,0.00%,
2/22/28,355171.795,0.17%,
2/23/28,358959.461,0.00%,
2/24/28,355782.5513,0.89%,
2/25/28,355892.5671,0.00%,
2/28/28,355099.768,0.22%,
2/29/28,351101.4319,1.13%,
3/1/28,350968.4566,0.04%,
3/2/28,352122.0227,0.00%,
3/3/28,350793.8224,0.38%,
3/6/28,348643.0829,0.61%,
3/7/28,352524.5063,0.00%,
3/8/28,351937.275,0.17%,
3/9/28,354155.9209,0.00%,
3/10/28,354617.7196,0.00%,
3/13/28,351944.8658,0.75%,
3/14/28,356851.8494,0.00%,
3/15/28,356081.2096,0.22%,
3/16/28,351598.8024,1.26%,
3/17/28,353640.7637,0.00%,
3/20/28,355455.7608,0.00%,
3/21/28,355308.2278,0.04%,
3/22/28,354073.7133,0.35%,
3/23/28,354834.8411,0.00%,
3/24/28,359093.4681,0.00%,
3/27/28,354397.3159,1.31%,
3/28/28,353596.9734,0.23%,
3/29/28,358372.7334,0.00%,
3/30/28,361792.8204,0.00%,
3/31/28,361722.4224,0.02%,
4/3/28,366517.1271,0.00%,
4/4/28,365164.7263,0.37%,
4/5/28,364262.1819,0.25%,
4/6/28,360462.0743,1.04%,
4/7/28,360154.5504,0.09%,
4/10/28,364082.819,0.00%,
4/11/28,367572.5377,0.00%,
4/12/28,367205.4255,0.10%,
4/13/28,363321.0645,1.06%,
4/14/28,359936.9595,0.93%,
4/17/28,362585.0441,0.00%,
4/18/28,360988.3125,0.44%,
4/19/28,362395.3427,0.00%,
4/20/28,358333.6819,1.12%,
4/21/28,361261.1869,0.00%,
4/24/28,357882.3528,0.94%,
4/25/28,362705.3536,0.00%,
4/26/28,365986.8263,0.00%,
4/27/28,369400.7294,0.00%,
4/28/28,368221.2914,0.32%,
5/1/28,369030.7444,0.00%,
5/2/28,365254.6834,1.02%,
5/3/28,364862.6785,0.11%,
5/4/28,367599.5867,0.00%,
5/5/28,363557.0024,1.10%,
5/8/28,366795.7694,0.00%,
5/9/28,364146.5518,0.72%,
5/10/28,362051.9012,0.58%,
5/11/28,365217.3706,0.00%,
5/12/28,363999.529,0.33%,
5/15/28,359099.9416,1.35%,
5/16/28,362962.879,0.00%,
5/17/28,358446.8843,1.24%,
5/18/28,362677.6723,0.00%,
5/19/28,364610.3306,0.00%,
5/22/28,365442.8411,0.00%,
5/23/28,366540.4568,0.00%,
5/24/28,366560.0285,0.00%,
5/25/28,368291.4426,0.00%,
5/26/28,363968.8628,1.17%,
5/29/28,363130.0704,0.23%,
5/30/28,363530.2565,0.00%,
5/31/28,368249.7203,0.00%,
6/1/28,366673.6625,0.43%,
6/2/28,369641.7303,0.00%,
6/5/28,371491.1226,0.00%,
6/6/28,376179.945,0.00%,
6/7/28,378489.7373,0.00%,
6/8/28,377426.189,0.28%,
6/9/28,375648.4314,0.47%,
6/12/28,373365.2041,0.61%,
6/13/28,372512.6935,0.23%,
6/14/28,376572.4385,0.00%,
6/15/28,377291.0079,0.00%,
6/16/28,373357.6871,1.04%,
6/19/28,371481.6008,0.50%,
6/20/28,372923.014,0.00%,
6/21/28,376864.7679,0.00%,
6/22/28,377422.6471,0.00%,
6/23/28,373086.5201,1.15%,
6/26/28,378029.5033,0.00%,
6/27/28,381273.0102,0.00%,
6/28/28,382498.6905,0.00%,
6/29/28,381657.1818,0.22%,
6/30/28,385779.0389,0.00%,
7/3/28,382450.2069,0.86%,
7/4/28,381351.4273,0.29%,
7/5/28,379688.3349,0.44%,
7/6/28,382276.5894,0.00%,
7/7/28,378458.1262,1.00%,
7/10/28,377997.6441,0.12%,
7/11/28,374834.4564,0.84%,
7/12/28,377037.2609,0.00%,
7/13/28,373561.4031,0.92%,
7/14/28,375674.4338,0.00%,
7/17/28,377229.501,0.00%,
7/18/28,375245.9936,0.53%,
7/19/28,373798.394,0.39%,
7/20/28,370783.8385,0.81%,
7/21/28,370931.8441,0.00%,
7/24/28,367706.585,0.87%,
7/25/28,365142.1543,0.70%,
7/26/28,361538.375,0.99%,
7/27/28,361440.1479,0.03%,
7/28/28,363286.5454,0.00%,
7/31/28,364251.9728,0.00%,
8/1/28,367658.5805,0.00%,
8/2/28,372345.0204,0.00%,
8/3/28,369264.7574,0.83%,
8/4/28,369740.9218,0.00%,
8/7/28,369995.3721,0.00%,
8/8/28,369930.9905,0.02%,
8/9/28,372923.5728,0.00%,
8/10/28,372022.1938,0.24%,
8/11/28,373403.8602,0.00%,
8/14/28,370294.2046,0.83%,
8/15/28,370943.7625,0.00%,
8/16/28,374992.5149,0.00%,
8/17/28,374521.348,0.13%,
8/18/28,375622.0002,0.00%,
8/21/28,374663.4263,0.26%,
8/22/28,372743.8714,0.51%,
8/23/28,377123.5199,0.00%,
8/24/28,379684.6105,0.00%,
8/25/28,382371.9047,0.00%,
8/28/28,382670.1227,0.00%,
8/29/28,377938.0835,1.24%,
8/30/28,380277.8581,0.00%,
8/31/28,375789.0817,1.18%,
9/1/28,377974.225,0.00%,
9/4/28,380784.33,0.00%,
9/5/28,381081.9607,0.00%,
9/6/28,378676.51,0.63%,
9/7/28,382896.8881,0.00%,
9/8/28,380357.4016,0.66%,
9/11/28,384794.1858,0.00%,
9/12/28,382445.0029,0.61%,
9/13/28,378701.9551,0.98%,
9/14/28,381669.2442,0.00%,
9/15/28,383733.9284,0.00%,
9/18/28,388304.9846,0.00%,
9/19/28,389724.4543,0.00%,
9/20/28,386935.3637,0.72%,
9/21/28,385419.7688,0.39%,
9/22/28,387948.7588,0.00%,
9/25/28,387578.1271,0.10%,
9/26/28,392526.9267,0.00%,
9/27/28,395618.969,0.00%,
9/28/28,399049.7366,0.00%,
9/29/28,394777.3814,1.07%,
10/2/28,392608.443,0.55%,
10/3/28,391894.2752,0.18%,
10/4/28,395725.2897,0.00%,
10/5/28,400383.2963,0.00%,
10/6/28,405455.3945,0.00%,
10/9/28,403481.2848,0.49%,
10/10/28,408278.1811,0.00%,
10/11/28,410248.2066,0.00%,
10/12/28,413559.2248,0.00%,
10/13/28,414381.4508,0.00%,
10/16/28,415081.3896,0.00%,
10/17/28,417813.0492,0.00%,
10/18/28,418282.2851,0.00%,
10/19/28,420615.2741,0.00%,
10/20/28,417259.1758,0.80%,
10/23/28,415496.6102,0.42%,
10/24/28,416678.4832,0.00%,
10/25/28,420346.3113,0.00%,
10/26/28,415581.5532,1.13%,
10/27/28,416143.0932,0.00%,
10/30/28,413547.6519,0.62%,
10/31/28,411318.6375,0.54%,
11/1/28,408177.5959,0.76%,
11/2/28,407454.4551,0.18%,
11/3/28,407354.1175,0.02%,
11/6/28,403120.3803,1.04%,
11/7/28,401967.131,0.29%,
11/8/28,402070.3981,0.00%,
11/9/28,397721.262,1.08%,
11/10/28,402633.8734,0.00%,
11/13/28,399563.921,0.76%,
11/14/28,397089.891,0.62%,
11/15/28,394791.1306,0.58%,
11/16/28,392082.6499,0.69%,
11/17/28,387862.8045,1.08%,
11/20/28,384107.3445,0.97%,
11/21/28,387606.4093,0.00%,
11/22/28,384263.8969,0.86%,
11/23/28,384144.0114,0.03%,
11/24/28,386485.6399,0.00%,
11/27/28,386269.9737,0.06%,
11/28/28,383883.3373,0.62%,
11/29/28,382854.0753,0.27%,
11/30/28,382126.7855,0.19%,
12/1/28,383598.9974,0.00%,
12/4/28,384479.1489,0.00%,
12/5/28,382680.947,0.47%,
12/6/28,382067.2005,0.16%,
12/7/28,377810.2597,1.11%,
12/8/28,382171.6685,0.00%,
12/11/28,384874.8991,0.00%,
12/12/28,380043.962,1.26%,
12/13/28,381203.3355,0.00%,
12/14/28,382251.7651,0.00%,
12/15/28,382595.1368,0.00%,
12/18/28,384790.0505,0.00%,
12/19/28,388311.6911,0.00%,
12/20/28,390055.2424,0.00%,
12/21/28,390031.0929,0.01%,
12/22/28,394470.8695,0.00%,
12/25/28,397745.1535,0.00%,
12/26/28,400363.1681,0.00%,
12/27/28,396235.5107,1.03%,
12/28/28,396746.5842,0.00%,
12/29/28,401608.2872,0.00%,
1/1/29,403727.649,0.00%,
1/2/29,407674.3495,0.00%,
1/3/29,403700.1052,0.97%,
1/4/29,401863.8083,0.45%,
1/5/29,403143.3174,0.00%,
1/8/29,401739.4188,0.35%,
1/9/29,406771.5384,0.00%,
1/10/29,406571.6094,0.05%,
1/11/29,404311.0184,0.56%,
1/12/29,406858.0243,0.00%,
1/15/29,405023.0687,0.45%,
1/16/29,407571.1873,0.00%,
1/17/29,410041.8326,0.00%,
1/18/29,411076.766,0.00%,
1/19/29,412928.4526,0.00%,
1/22/29,416458.8853,0.00%,
1/23/29,418525.7044,0.00%,
1/24/29,415661.6404,0.68%,
1/25/29,411848.9615,0.92%,
1/26/29,414929.3106,0.00%,
1/29/29,417752.286,0.00%,
1/30/29,417781.6192,0.00%,
1/31/29,413936.6631,0.92%,
2/1/29,418828.3819,0.00%,
2/2/29,422476.463,0.00%,
2/5/29,424326.968,0.00%,
2/6/29,420273.4643,0.96%,
2/7/29,422179.9671,0.00%,
2/8/29,419711.58,0.58%,
2/9/29,422909.9975,0.00%,
2/12/29,421856.0958,0.25%,
2/13/29,423337.3655,0.00%,
2/14/29,423133.7435,0.05%,
2/15/29,424126.6657,0.00%,
2/16/29,421715.7796,0.57%,
2/19/29,420044.0777,0.40%,
2/20/29,417400.8696,0.63%,
2/21/29,420723.1368,0.00%,
2/22/29,424339.6596,0.00%,
2/23/29,428737.5423,0.00%,
2/26/29,433072.1198,0.00%,
2/27/29,428303.7759,1.10%,
2/28/29,427750.7239,0.13%,
3/1/29,424749.4358,0.70%,
3/2/29,423152.6343,0.38%,
3/5/29,421714.3103,0.34%,
3/6/29,424644.8458,0.00%,
3/7/29,429352.6938,0.00%,
3/8/29,428212.8271,0.27%,
3/9/29,426798.6805,0.33%,
3/12/29,431099.2659,0.00%,
3/13/29,432507.4181,0.00%,
3/14/29,430184.6082,0.54%,
3/15/29,434692.6252,0.00%,
3/16/29,431309.0333,0.78%,
3/19/29,431362.7007,0.00%,
3/20/29,436365.654,0.00%,
3/21/29,436664.1218,0.00%,
3/22/29,440795.3899,0.00%,
3/23/29,436146.0807,1.05%,
3/26/29,433702.1805,0.56%,
3/27/29,431283.1018,0.56%,
3/28/29,434690.5159,0.00%,
3/29/29,437933.7552,0.00%,
3/30/29,440481.8616,0.00%,
4/2/29,442824.9079,0.00%,
4/3/29,446750.582,0.00%,
4/4/29,442876.1904,0.87%,
4/5/29,443324.6189,0.00%,
4/6/29,439172.3705,0.94%,
4/9/29,440780.0345,0.00%,
4/10/29,436969.7304,0.86%,
4/11/29,437909.0471,0.00%,
4/12/29,441849.1416,0.00%,
4/13/29,438355.6273,0.79%,
4/16/29,443037.6993,0.00%,
4/17/29,443078.257,0.00%,
4/18/29,442809.6513,0.06%,
4/19/29,443273.5151,0.00%,
4/20/29,447016.0757,0.00%,
4/23/29,447536.0124,0.00%,
4/24/29,443458.6498,0.91%,
4/25/29,447004.6394,0.00%,
4/26/29,446861.8222,0.03%,
4/27/29,449579.2336,0.00%,
4/30/29,450619.0842,0.00%,
5/1/29,454206.4869,0.00%,
5/2/29,449835.8616,0.96%,
5/3/29,450669.9658,0.00%,
5/4/29,450200.6249,0.10%,
5/7/29,450375.2009,0.00%,
5/8/29,446880.6987,0.78%,
5/9/29,444274.8519,0.58%,
5/10/29,446134.5971,0.00%,
5/11/29,443256.1364,0.65%,
5/14/29,438919.8647,0.98%,
5/15/29,439851.6832,0.00%,
5/16/29,435439.0271,1.00%,
5/17/29,431533.2617,0.90%,
5/18/29,435068.9003,0.00%,
5/21/29,436745.7761,0.00%,
5/22/29,437097.0254,0.00%,
5/23/29,441253.1975,0.00%,
5/24/29,445742.6076,0.00%,
5/25/29,447923.3436,0.00%,
5/28/29,452021.2834,0.00%,
5/29/29,448284.8353,0.83%,
5/30/29,445867.9842,0.54%,
5/31/29,446975.6217,0.00%,
6/1/29,443046.5305,0.88%,
6/4/29,440196.1866,0.64%,
6/5/29,440047.8611,0.03%,
6/6/29,442857.5412,0.00%,
6/7/29,439004.0148,0.87%,
6/8/29,436148.9881,0.65%,
6/11/29,436958.1495,0.00%,
6/12/29,438684.9593,0.00%,
6/13/29,441213.5966,0.00%,
6/14/29,439731.662,0.34%,
6/15/29,444750.0916,0.00%,
6/18/29,443299.134,0.33%,
6/19/29,447801.284,0.00%,
6/20/29,451005.1435,0.00%,
6/21/29,455303.433,0.00%,
6/22/29,459981.4069,0.00%,
6/25/29,459459.6388,0.11%,
6/26/29,462736.446,0.00%,
6/27/29,463628.0345,0.00%,
6/28/29,465193.3939,0.00%,
6/29/29,467408.7359,0.00%,
7/2/29,468043.1764,0.00%,
7/3/29,467854.0866,0.04%,
7/4/29,465292.4978,0.55%,
7/5/29,463156.821,0.46%,
7/6/29,461588.8098,0.34%,
7/9/29,466450.0971,0.00%,
7/10/29,467466.0496,0.00%,
7/11/29,471736.7361,0.00%,
7/12/29,470733.2933,0.21%,
7/13/29,473534.5326,0.00%,
7/16/29,477849.9302,0.00%,
7/17/29,478428.1892,0.00%,
7/18/29,476221.1691,0.46%,
7/19/29,473263.2333,0.62%,
7/20/29,473039.6918,0.05%,
7/23/29,475997.2929,0.00%,
7/24/29,480628.9163,0.00%,
7/25/29,478003.248,0.55%,
7/26/29,477749.0577,0.05%,
7/27/29,480440.4369,0.00%,
7/30/29,479341.6467,0.23%,
7/31/29,480775.8118,0.00%,
8/1/29,478289.3137,0.52%,
8/2/29,479280.2223,0.00%,
8/3/29,478979.9749,0.06%,
8/6/29,475094.0356,0.81%,
8/7/29,475204.3446,0.00%,
8/8/29,473848.8105,0.29%,
8/9/29,470337.9007,0.74%,
8/10/29,467687.658,0.56%,
8/13/29,463675.1635,0.86%,
8/14/29,460773.1582,0.63%,
8/15/29,464539.0994,0.00%,
8/16/29,465281.1409,0.00%,
8/17/29,465060.9719,0.05%,
8/20/29,465594.4511,0.00%,
8/21/29,463170.9788,0.52%,
8/22/29,468120.1071,0.00%,
8/23/29,468834.1978,0.00%,
8/24/29,465383.1934,0.74%,
8/27/29,462018.3818,0.72%,
8/28/29,463069.2806,0.00%,
8/29/29,468162.6046,0.00%,
8/30/29,471848.2521,0.00%,
8/31/29,468202.8179,0.77%,
9/3/29,471990.5707,0.00%,
9/4/29,471591.9988,0.08%,
9/5/29,467609.3425,0.84%,
9/6/29,471394.2871,0.00%,
9/7/29,468952.3421,0.52%,
9/10/29,468541.0649,0.09%,
9/11/29,466721.7007,0.39%,
9/12/29,461963.3648,1.02%,
9/13/29,463464.1593,0.00%,
9/14/29,465932.1129,0.00%,
9/17/29,464423.8951,0.32%,
9/18/29,459978.2525,0.96%,
9/19/29,455679.3186,0.93%,
9/20/29,451561.8335,0.90%,
9/21/29,449290.6979,0.50%,
9/24/29,446355.6072,0.65%,
9/25/29,448022.7331,0.00%,
9/26/29,449637.9198,0.00%,
9/27/29,451731.6892,0.00%,
9/28/29,447916.5989,0.84%,
10/1/29,444481.6297,0.77%,
10/2/29,443856.5265,0.14%,
10/3/29,448637.4071,0.00%,
10/4/29,449227.837,0.00%,
10/5/29,446823.3094,0.54%,
10/8/29,446217.3851,0.14%,
10/9/29,451278.7376,0.00%,
10/10/29,453005.1771,0.00%,
10/11/29,450775.1504,0.49%,
10/12/29,448940.1815,0.41%,
10/15/29,444257.634,1.04%,
10/16/29,443302.5121,0.21%,
10/17/29,440046.7175,0.73%,
10/18/29,436551.7775,0.79%,
10/19/29,441168.5853,0.00%,
10/22/29,441627.222,0.00%,
10/23/29,441574.913,0.01%,
10/24/29,437779.8022,0.86%,
10/25/29,434941.794,0.65%,
10/26/29,435354.463,0.00%,
10/29/29,437735.2345,0.00%,
10/30/29,439523.4809,0.00%,
10/31/29,436213.5596,0.75%,
11/1/29,436937.7616,0.00%,
11/2/29,440095.1978,0.00%,
11/5/29,440923.8597,0.00%,
11/6/29,438370.9431,0.58%,
11/7/29,441785.1122,0.00%,
11/8/29,442605.1147,0.00%,
11/9/29,439356.7185,0.73%,
11/12/29,442477.6148,0.00%,
11/13/29,444960.2783,0.00%,
11/14/29,445704.842,0.00%,
11/15/29,446013.6287,0.00%,
11/16/29,448816.4215,0.00%,
11/19/29,445390.469,0.76%,
11/20/29,448091.5559,0.00%,
11/21/29,443683.8283,0.98%,
11/22/29,443504.3059,0.04%,
11/23/29,439664.1563,0.87%,
11/26/29,437287.1658,0.54%,
11/27/29,435603.2711,0.39%,
11/28/29,432260.8208,0.77%,
11/29/29,431013.0184,0.29%,
11/30/29,434384.2109,0.00%,
12/3/29,437266.6814,0.00%,
12/4/29,434908.4534,0.54%,
12/5/29,436561.0611,0.00%,
12/6/29,433625.168,0.67%,
12/7/29,435500.7968,0.00%,
12/10/29,437022.718,0.00%,
12/11/29,432991.8105,0.92%,
12/12/29,435029.3667,0.00%,
12/13/29,433108.6271,0.44%,
12/14/29,431954.3172,0.27%,
12/17/29,434648.7507,0.00%,
12/18/29,435461.7074,0.00%,
12/19/29,439472.1007,0.00%,
12/20/29,438648.914,0.19%,
12/21/29,441163.644,0.00%,
12/24/29,444913.2239,0.00%,
12/25/29,445478.1753,0.00%,
12/26/29,440823.575,1.04%,
12/27/29,438168.0214,0.60%,
12/28/29,434116.5003,0.92%,
12/31/29,439015.4001,0.00%,
1/1/30,443452.7038,0.00%,
1/2/30,443050.8094,0.09%,
1/3/30,444616.7392,0.00%,
1/4/30,443353.6663,0.28%,
1/7/30,445712.1391,0.00%,
1/8/30,442555.6671,0.71%,
1/9/30,446532.9209,0.00%,
1/10/30,448243.726,0.00%,
1/11/30,443783.0844,1.00%,
1/14/30,444730.1721,0.00%,
1/15/30,440106.1076,1.04%,
1/16/30,441747.5946,0.00%,
1/17/30,445237.1292,0.00%,
1/18/30,445326.8542,0.00%,
1/21/30,440994.0328,0.97%,
1/22/30,443130.8625,0.00%,
1/23/30,439307.7326,0.86%,
1/24/30,436816.8667,0.57%,
1/25/30,433464.6775,0.77%,
1/28/30,437413.8157,0.00%,
1/29/30,435076.196,0.53%,
1/30/30,435895.5135,0.00%,
1/31/30,431438.5505,1.02%,
2/1/30,427679.0563,0.87%,
2/4/30,428459.4077,0.00%,
2/5/30,427035.9022,0.33%,
2/6/30,428842.6665,0.00%,
2/7/30,425692.6004,0.73%,
2/8/30,429174.9347,0.00%,
2/11/30,425523.5734,0.85%,
2/12/30,422022.096,0.82%,
2/13/30,422523.4524,0.00%,
2/14/30,420587.7844,0.46%,
2/15/30,422101.3854,0.00%,
2/18/30,419273.4308,0.67%,
2/19/30,414529.0589,1.13%,
2/20/30,418095.1674,0.00%,
2/21/30,413200.6308,1.17%,
2/22/30,408370.8372,1.17%,
2/25/30,409031.7546,0.00%,
2/26/30,408493.2396,0.13%,
2/27/30,408852.5285,0.00%,
2/28/30,409741.53,0.00%,
3/1/30,414091.3319,0.00%,
3/4/30,410390.5529,0.89%,
3/5/30,408850.8229,0.38%,
3/6/30,406366.9073,0.61%,
3/7/30,407297.1135,0.00%,
3/8/30,408550.2933,0.00%,
3/11/30,412281.7362,0.00%,
3/12/30,411517.6028,0.19%,
3/13/30,415005.743,0.00%,
3/14/30,410742.9034,1.03%,
3/15/30,406090.3824,1.13%,
3/18/30,403729.8778,0.58%,
3/19/30,406192.8138,0.00%,
3/20/30,407039.6329,0.00%,
3/21/30,409521.5377,0.00%,
3/22/30,411586.554,0.00%,
3/25/30,412011.9894,0.00%,
3/26/30,415836.2101,0.00%,
3/27/30,415275.6054,0.13%,
3/28/30,417571.6383,0.00%,
3/29/30,415282.7142,0.55%,
4/1/30,420268.9068,0.00%,
4/2/30,423114.4389,0.00%,
4/3/30,422481.5724,0.15%,
4/4/30,425805.5361,0.00%,
4/5/30,422168.3169,0.85%,
4/8/30,424248.4089,0.00%,
4/9/30,426285.4738,0.00%,
4/10/30,422542.4951,0.88%,
4/11/30,422994.5835,0.00%,
4/12/30,424462.2356,0.00%,
4/15/30,426413.6713,0.00%,
4/16/30,426352.1443,0.01%,
4/17/30,425586.6462,0.18%,
4/18/30,426880.1422,0.00%,
4/19/30,423966.4107,0.68%,
4/22/30,427394.1807,0.00%,
4/23/30,422623.1519,1.12%,
4/24/30,423466.6573,0.00%,
4/25/30,422333.711,0.27%,
4/26/30,423683.9894,0.00%,
4/29/30,428236.2413,0.00%,
4/30/30,424810.4683,0.80%,
5/1/30,423925.5254,0.21%,
5/2/30,421639.6801,0.54%,
5/3/30,419204.4292,0.58%,
5/6/30,420624.1454,0.00%,
5/7/30,423993.0671,0.00%,
5/8/30,419546.0878,1.05%,
5/9/30,422128.6282,0.00%,
5/10/30,418508.7808,0.86%,
5/13/30,419671.3888,0.00%,
5/14/30,422582.0057,0.00%,
5/15/30,423392.294,0.00%,
5/16/30,420371.1149,0.71%,
5/17/30,423941.1972,0.00%,
5/20/30,424216.5789,0.00%,
5/21/30,428039.6444,0.00%,
5/22/30,425862.7056,0.51%,
5/23/30,430185.801,0.00%,
5/24/30,431091.054,0.00%,
5/27/30,426870.7748,0.98%,
5/28/30,425037.6379,0.43%,
5/29/30,427534.5686,0.00%,
5/30/30,430669.5022,0.00%,
5/31/30,434423.2272,0.00%,
6/3/30,430813.2646,0.83%,
6/4/30,431549.955,0.00%,
6/5/30,428022.9564,0.82%,
6/6/30,430116.3769,0.00%,
6/7/30,434814.7349,0.00%,
6/10/30,431877.3353,0.68%,
6/11/30,430258.6949,0.37%,
6/12/30,427651.1468,0.61%,
6/13/30,422807.3076,1.13%,
6/14/30,423997.4812,0.00%,
6/17/30,421677.301,0.55%,
6/18/30,424584.1974,0.00%,
6/19/30,422486.3118,0.49%,
6/20/30,420307.7596,0.52%,
6/21/30,424298.2628,0.00%,
6/24/30,423041.209,0.30%,
6/25/30,425091.7147,0.00%,
6/26/30,429054.051,0.00%,
6/27/30,432197.4993,0.00%,
6/28/30,430874.3998,0.31%,
7/1/30,427892.6832,0.69%,
7/2/30,430486.0593,0.00%,
7/3/30,429460.4953,0.24%,
7/4/30,427173.2585,0.53%,
7/5/30,430715.3064,0.00%,
7/8/30,427328.4683,0.79%,
7/9/30,425088.4753,0.52%,
7/10/30,420883.7101,0.99%,
7/11/30,424391.2599,0.00%,
7/12/30,420094.2232,1.01%,
7/15/30,423533.979,0.00%,
7/16/30,428587.8129,0.00%,
7/17/30,431584.7159,0.00%,
7/18/30,428826.491,0.64%,
7/19/30,433360.205,0.00%,
7/22/30,431707.2902,0.38%,
7/23/30,430669.4931,0.24%,
7/24/30,432559.3242,0.00%,
7/25/30,436885.3604,0.00%,
7/26/30,437950.6261,0.00%,
7/29/30,436464.4248,0.34%,
7/30/30,435926.682,0.12%,
7/31/30,439752.0448,0.00%,
8/1/30,438279.7988,0.33%,
8/2/30,437046.4901,0.28%,
8/5/30,434640.4092,0.55%,
8/6/30,435336.6489,0.00%,
8/7/30,435346.5992,0.00%,
8/8/30,435180.8285,0.04%,
8/9/30,434507.6773,0.15%,
8/12/30,432598.8224,0.44%,
8/13/30,435454.8871,0.00%,
8/14/30,439246.4575,0.00%,
8/15/30,442579.0138,0.00%,
8/16/30,438161.4058,1.00%,
8/19/30,438174.2045,0.00%,
8/20/30,433370.3356,1.10%,
8/21/30,438196.5269,0.00%,
8/22/30,435184.4991,0.69%,
8/23/30,438164.3311,0.00%,
8/26/30,438225.6754,0.00%,
8/27/30,439304.1585,0.00%,
8/28/30,444378.7578,0.00%,
8/29/30,442487.0004,0.43%,
8/30/30,444757.133,0.00%,
9/2/30,447855.991,0.00%,
9/3/30,447746.7662,0.02%,
9/4/30,448236.9816,0.00%,
9/5/30,453208.8504,0.00%,
9/6/30,450307.9445,0.64%,
9/9/30,451406.8137,0.00%,
9/10/30,447147.2991,0.94%,
9/11/30,448720.436,0.00%,
9/12/30,449134.9662,0.00%,
9/13/30,446485.6412,0.59%,
9/16/30,442995.9261,0.78%,
9/17/30,443686.7965,0.00%,
9/18/30,444482.3836,0.00%,
9/19/30,446467.5899,0.00%,
9/20/30,445842.5724,0.14%,
9/23/30,443890.892,0.44%,
9/24/30,439209.1081,1.05%,
9/25/30,436238.7326,0.68%,
9/26/30,433281.5941,0.68%,
9/27/30,433755.9832,0.00%,
9/30/30,438369.7366,0.00%,
10/1/30,437960.0071,0.09%,
10/2/30,436011.8496,0.44%,
10/3/30,432238.2038,0.87%,
10/4/30,427857.8793,1.01%,
10/7/30,426479.1207,0.32%,
10/8/30,426571.8327,0.00%,
10/9/30,426482.5958,0.02%,
10/10/30,422207.099,1.00%,
10/11/30,423040.999,0.00%,
10/14/30,427299.5876,0.00%,
10/15/30,430342.799,0.00%,
10/16/30,434414.8024,0.00%,
10/17/30,438391.4067,0.00%,
10/18/30,442236.2893,0.00%,
10/21/30,447136.6813,0.00%,
10/22/30,443877.4021,0.73%,
10/23/30,440028.283,0.87%,
10/24/30,439937.9887,0.02%,
10/25/30,437293.0172,0.60%,
10/28/30,439513.2458,0.00%,
10/29/30,440716.7481,0.00%,
10/30/30,439587.3099,0.26%,
10/31/30,440462.2605,0.00%,
11/1/30,436527.6052,0.89%,
11/4/30,440307.8316,0.00%,
11/5/30,440824.3144,0.00%,
11/6/30,436172.4698,1.06%,
11/7/30,431576.7989,1.05%,
11/8/30,436251.6527,0.00%,
11/11/30,432943.5228,0.76%,
11/12/30,433411.3333,0.00%,
11/13/30,436666.661,0.00%,
11/14/30,433827.0846,0.65%,
11/15/30,430210.7323,0.83%,
11/18/30,429811.8559,0.09%,
11/19/30,424933.9092,1.13%,
11/20/30,427225.4619,0.00%,
11/21/30,425565.4115,0.39%,
11/22/30,421232.3705,1.02%,
11/25/30,420766.1986,0.11%,
11/26/30,420764.2101,0.00%,
11/27/30,422304.4969,0.00%,
11/28/30,418072.4629,1.00%,
11/29/30,415681.7291,0.57%,
12/2/30,410882.9962,1.15%,
12/3/30,409218.6338,0.41%,
12/4/30,411005.3818,0.00%,
12/5/30,412116.4087,0.00%,
12/6/30,414002.1768,0.00%,
12/9/30,411315.3366,0.65%,
12/10/30,416244.8472,0.00%,
12/11/30,411816.3998,1.06%,
12/12/30,410125.3731,0.41%,
12/13/30,409648.3795,0.12%,
12/16/30,413249.86,0.00%,
12/17/30,414102.557,0.00%,
12/18/30,416416.0091,0.00%,
12/19/30,416698.302,0.00%,
12/20/30,415932.8478,0.18%,
12/23/30,413988.4568,0.47%,
12/24/30,413377.1453,0.15%,
12/25/30,415484.611,0.00%,
12/26/30,416872.3057,0.00%,
12/27/30,412914.5049,0.95%,
12/30/30,411287.68,0.39%,
12/31/30,408435.586,0.69%,
1/1/31,406122.9815,0.57%,
